{"format_version":"1.10.0","geometry.cape_test":{"texturewidth":22,"textureheight":18,"bones":[{"name":"root","pivot":[0,0,0]},{"name":"waist","parent":"root","pivot":[0,12,0]},{"name":"body","parent":"waist","pivot":[0,24,0]},{"name":"cape","parent":"body","pivot":[0,24,2],"rotation":[0,180,0],"cubes":[{"origin":[-5,8,1],"size":[10,16,1],"uv":[0,0]}]}]},"geometry.humanoid.custom":{"texturewidth":64,"textureheight":64,"bones":[{"name":"root","pivot":[0,0,0]},{"name":"waist","parent":"root","pivot":[0,12,0]},{"name":"body","parent":"waist","pivot":[0,23,0],"cubes":[{"origin":[-4,12,-2],"size":[8,11,4],"uv":[16,16]}]},{"name":"head","parent":"body","pivot":[0,23,0],"cubes":[{"origin":[-4,23,-4],"size":[8,8,8],"uv":[0,0]},{"origin":[-0.5,23,-4.1],"size":[1,1,0],"uv":[2,6]},{"origin":[1.7,30,-1.75],"size":[5,5,2],"uv":[50,0],"inflate":-1,"mirror":true},{"origin":[-6.7,30,-1.75],"size":[5,5,2],"uv":[50,0],"inflate":-1}]},{"name":"hat","parent":"head","pivot":[0,23,0],"cubes":[{"origin":[-6,30.5,-1],"size":[4,4,2],"uv":[25,1]},{"origin":[2,30.5,-1],"size":[4,4,2],"uv":[25,1],"mirror":true},{"origin":[-1.5,25.5,-4.5],"size":[3,3,0],"uv":[2,2]},{"origin":[-4.5,21,-3.5],"size":[1,7,2],"uv":[44,7]},{"origin":[3.5,21,-3.5],"size":[1,7,2],"uv":[44,7],"mirror":true},{"origin":[3,24,3],"size":[2,1,2],"uv":[37,4],"mirror":true},{"origin":[-5,24,3],"size":[2,1,2],"uv":[37,4]},{"origin":[3,21,3],"size":[3,3,3],"uv":[32,8],"mirror":true},{"origin":[-6,21,3],"size":[3,3,3],"uv":[32,8]}]},{"name":"helmet","parent":"head","pivot":[0,28,0],"rotation":[-5,0,0],"cubes":[{"origin":[-5,26.75,-5],"size":[10,2,10],"uv":[0,44]},{"origin":[-4.5,28.5,-4.5],"size":[9,3,9],"uv":[0,32],"inflate":0.02}]},{"name":"leftArm","parent":"body","pivot":[4,21,0],"bind_pose_rotation":[0,1,-2.5],"cubes":[{"origin":[3,11,-2],"size":[3,12,4],"uv":[40,16],"mirror":true}]},{"name":"leftSleeve","parent":"leftArm","pivot":[4,21,0],"rotation":[0,1,-2.5],"cubes":[{"origin":[3,15.25,-2],"size":[3,8,4],"uv":[50,8],"inflate":0.25,"mirror":true},{"origin":[2.75,13,-2.5],"size":[4,2,5],"uv":[27,31],"mirror":true}]},{"name":"leftItem","parent":"leftArm","pivot":[5.4,14.1,1]},{"name":"rightArm","parent":"body","pivot":[-4,21,0],"bind_pose_rotation":[0,-1,2.5],"cubes":[{"origin":[-6,11,-2],"size":[3,12,4],"uv":[40,16]}]},{"name":"rightSleeve","parent":"rightArm","pivot":[-4,21,0],"rotation":[0,-1,2.5],"cubes":[{"origin":[-6,15.25,-2],"size":[3,8,4],"uv":[50,8],"inflate":0.25},{"origin":[-6.75,13,-2.5],"size":[4,2,5],"uv":[27,31]}]},{"name":"rightItem","parent":"rightArm","pivot":[-5.4,14.1,1],"locators":{"lead_hold":[-5.4,14.1,1]}},{"name":"bodyArmor","parent":"body","pivot":[0,23,0],"cubes":[{"origin":[-4,18.5,2],"size":[8,4,3],"uv":[36,38]},{"origin":[-4,13.5,2],"size":[8,5,4],"uv":[30,45]},{"origin":[-4.2,17.25,-2.5],"size":[1.2,6,5],"uv":[50,28]},{"origin":[3,17.25,-2.5],"size":[1.2,6,5],"uv":[50,28],"mirror":true}]},{"name":"leftLeg","parent":"root","pivot":[2,12,0],"cubes":[{"origin":[0,0,-2],"size":[4,12,4],"uv":[0,16],"mirror":true},{"origin":[0,1,-2],"size":[4,4,4],"uv":[0,56],"inflate":0.25,"mirror":true}]},{"name":"rightLeg","parent":"root","pivot":[-2,12,0],"cubes":[{"origin":[-4,0,-2],"size":[4,12,4],"uv":[0,16]},{"origin":[-4,1,-2],"size":[4,4,4],"uv":[0,56],"inflate":0.25}]}]}}