{"format_version":"1.12.0","minecraft:geometry":[{"description":{"identifier":"geometry.dummy","texture_width":64,"texture_height":64,"visible_bounds_width":2,"visible_bounds_height":3.5,"visible_bounds_offset":[0,1.25,0]},"bones":[{"name":"baseplate","pivot":[0,1,0],"cubes":[{"origin":[-5.5,0,-5.5],"size":[11,1,11],"uv":[0,32]}]},{"name":"root","pivot":[0,1,0],"cubes":[{"origin":[-1,1,-1],"size":[2,13,2],"uv":[0,45]}]},{"name":"waist","parent":"root","pivot":[0,13,0],"cubes":[{"origin":[-4,13,-2],"size":[8,12,4],"uv":[16,16]}]},{"name":"body","parent":"waist","pivot":[0,25,0]},{"name":"head","parent":"waist","pivot":[0,25,0],"cubes":[{"origin":[-4,25,-4],"size":[8,8,8],"uv":[0,0]}]},{"name":"leftarm","parent":"waist","pivot":[5,23,0],"mirror":true,"cubes":[{"origin":[4,13,-2],"size":[3,12,4],"uv":[40,16]}]},{"name":"rightarm","parent":"waist","pivot":[-5,23,0],"cubes":[{"origin":[-7,13,-2],"size":[3,12,4],"uv":[40,16]}]},{"name":"rightitem","parent":"rightarm","pivot":[-6,16,1],"locators":{"lead_hold":[-6,16,1]}},{"name":"rightleg","parent":"root","pivot":[-1.9,13,0],"cubes":[{"origin":[-3.9,1,-2],"size":[4,12,4],"uv":[0,16]}]},{"name":"leftleg","parent":"root","pivot":[1.9,13,0],"mirror":true,"cubes":[{"origin":[-0.1,1,-2],"size":[4,12,4],"uv":[0,16]}]}]}]}