{"format_version":"1.16.0","minecraft:geometry":[{"description":{"identifier":"geometry.arrow_proj","texture_width":13,"texture_height":13},"bones":[{"name":"body","pivot":[0,0,0],"cubes":[{"origin":[0,0,0],"size":[0,0,0],"uv":{}}],"locators":{"tip":[0,0,0]}},{"name":"axis","parent":"body","pivot":[0,0,0],"texture_meshes":[{"texture":"default","position":[-0.5,0.3,-3],"rotation":[0,-45,-90]}]}]},{"description":{"identifier":"geometry.arrow_from_bow","texture_width":13,"texture_height":13},"bones":[{"name":"rightitem","pivot":[0,0,0],"cubes":[{"origin":[0,0,0],"size":[0,0,0],"uv":{}}]},{"name":"arrow","parent":"rightitem","pivot":[0,0,0],"texture_meshes":[{"texture":"arrow","position":[-0.5,9.25,0],"rotation":[0,45,-90]}]}]},{"description":{"identifier":"geometry.arrow_mesh","texture_width":16,"texture_height":16},"bones":[{"name":"firework","pivot":[0,11.75,0],"rotation":[-87,0,0],"binding":"q.item_slot_to_bone_name('main_hand')","texture_meshes":[{"texture":"arrow","position":[-0.5,11.5,-10],"rotation":[0,-45,0]}]}]}]}