{"format_version":"1.10.0","geometry.bee_anim":{"texturewidth":64,"textureheight":32,"bones":[{"name":"body","pivot":[0,5,0],"cubes":[{"origin":[-3.5,2,-5],"size":[7,7,10],"uv":[0,0]}],"locators":{"lead":[0,4,-1]}},{"name":"eyeLeft","parent":"body","pivot":[2,4.5,-5.02],"cubes":[{"origin":[1.5,3.975,-5.02],"size":[1,1.05,1],"uv":[30,0]}]},{"name":"eyeRight","parent":"body","pivot":[-2,4.5,-5.02],"cubes":[{"origin":[-2.5,3.975,-5.02],"size":[1,1.05,1],"uv":[30,0]}]},{"name":"eye_0","parent":"body","pivot":[0,0,0],"cubes":[{"origin":[-3.5,2.975,-5],"size":[7,4.05,1.025],"uv":[34,0]}]},{"name":"eye_1","parent":"body","pivot":[0,0,0],"cubes":[{"origin":[-3.5,2.975,-5],"size":[7,4.05,1.025],"uv":[34,5]}]},{"name":"eye_2","parent":"body","pivot":[0,0,0],"cubes":[{"origin":[-3.5,2.975,-5],"size":[7,4.05,1.025],"uv":[34,10]}]},{"name":"eye_3","parent":"body","pivot":[0,0,0],"cubes":[{"origin":[-3.5,2.975,-5],"size":[7,4.05,1.025],"uv":[34,15]}]},{"name":"antenna","parent":"body","pivot":[0,7.5,-5],"cubes":[{"origin":[-1.5,7,-8],"size":[0,2,3],"uv":[0,4],"mirror":true},{"origin":[1.5,7,-8],"size":[0,2,3],"uv":[0,4]}]},{"name":"stinger","parent":"body","pivot":[0,5.5,5],"cubes":[{"origin":[-0.5,5,5],"size":[1,1,2],"uv":[24,0]}]},{"name":"rightwing_bone","parent":"body","pivot":[-1.5,9,-3],"cubes":[{"origin":[-8.5,9,-3],"size":[7,0,6],"uv":[-6,17]}]},{"name":"leftwing_bone","parent":"body","pivot":[1.5,9,-3],"cubes":[{"origin":[1.5,9,-3],"size":[7,0,6],"uv":[-6,17],"mirror":true}]},{"name":"leg_front","parent":"body","pivot":[0,2,-2],"cubes":[{"origin":[-1.5,0,-2],"size":[3,2,0],"uv":[0,0]}]},{"name":"leg_mid","parent":"body","pivot":[0,2,0],"cubes":[{"origin":[-2.5,0,0],"size":[5,2,0],"uv":[0,2]}]},{"name":"leg_back","parent":"body","pivot":[0,2,2],"cubes":[{"origin":[-2.5,0,2],"size":[5,2,0],"uv":[0,4]}]}]},"geometry.bee_small":{"texturewidth":64,"textureheight":32,"bones":[{"name":"body","pivot":[0,5,0],"cubes":[{"origin":[-2,3,-3],"size":[4,4,6],"uv":[8,17],"inflate":-0.5}],"locators":{"lead":[0,4,-1]}},{"name":"antenna","parent":"body","pivot":[0,6.5,-1.8],"rotation":[30,0,0],"cubes":[{"origin":[-1.5,5.5,-4],"size":[1,4,3],"uv":[24,3],"inflate":-0.5},{"origin":[0.5,5.5,-4],"size":[1,4,3],"uv":[24,3],"inflate":-0.5,"mirror":true}]},{"name":"stinger","parent":"body","pivot":[0,6,0.5],"cubes":[{"origin":[-0.5,4.5,2],"size":[1,1,2],"uv":[24,0],"inflate":-0.2}]},{"name":"rightwing_bone","parent":"body","pivot":[-1.5,6.5,-1.5],"cubes":[{"origin":[-4.5,6.5,-1.5],"size":[3,0,6],"uv":[-5,23]}]},{"name":"leftwing_bone","parent":"body","pivot":[1.5,6.5,-1.5],"cubes":[{"origin":[1.5,6.5,-1.5],"size":[3,0,6],"uv":[-5,23],"mirror":true}]},{"name":"leg_front","parent":"body","pivot":[0,3.5,-1],"cubes":[{"origin":[-1.5,2.5,-1.5],"size":[1,2,1],"uv":[22,17],"inflate":-0.25},{"origin":[0.5,2.5,-1.5],"size":[1,2,1],"uv":[22,17],"inflate":-0.25,"mirror":true}]},{"name":"leg_mid","parent":"body","pivot":[0,3.5,0],"cubes":[{"origin":[-1.7,2.5,-0.5],"size":[1,2,1],"uv":[22,17],"inflate":-0.25},{"origin":[0.7,2.5,-0.5],"size":[1,2,1],"uv":[22,17],"inflate":-0.25,"mirror":true}]},{"name":"leg_back","parent":"body","pivot":[0,3.5,1.5],"cubes":[{"origin":[-1.7,2.5,1],"size":[1,2,1],"uv":[22,17],"inflate":-0.25},{"origin":[0.7,2.5,1],"size":[1,2,1],"uv":[22,17],"inflate":-0.25,"mirror":true}]}]}}