{"format_version":"1.12.0","minecraft:geometry":[{"description":{"identifier":"geometry.breeze_anim","texture_width":32,"texture_height":32,"visible_bounds_width":3,"visible_bounds_height":3.5,"visible_bounds_offset":[0,1.25,0]},"bones":[{"name":"tornado","pivot":[0,0,0],"locators":{"base":[0,0,0]}},{"name":"root","pivot":[0,0,0]},{"name":"rods","parent":"root","pivot":[0,16,0]},{"name":"rod_a","parent":"rods","pivot":[0,19,-5],"cubes":[{"origin":[-1,11,-6],"size":[2,8,2],"uv":[0,17]}]},{"name":"rod_b","parent":"rods","pivot":[-4.33013,19,2.5],"rotation":[0,120,0],"cubes":[{"origin":[-5.33013,11,1.5],"size":[2,8,2],"uv":[0,17]}]},{"name":"rod_c","parent":"rods","pivot":[4.33013,19,2.5],"rotation":[0,-120,0],"cubes":[{"origin":[3.33013,11,1.5],"size":[2,8,2],"uv":[0,17]}]},{"name":"head","parent":"root","pivot":[0,20,0],"cubes":[{"origin":[-4,20,-4],"size":[8,8,8],"uv":[0,0]}]},{"name":"sclera","parent":"head","pivot":[0,20,0],"cubes":[{"origin":[-3.975,20.9,-3.975],"size":[2,1.2,1.1],"uv":[0,2]},{"origin":[1.975,20.9,-3.975],"size":[2,1.2,1.1],"uv":[0,2],"mirror":true}]},{"name":"eyebrows","parent":"head","pivot":[0,20,0],"cubes":[{"origin":[-5,22,-4.2],"size":[10,3,4],"uv":[4,24]}]},{"name":"right_eye","parent":"head","pivot":[-2.5,21.5,-4],"cubes":[{"origin":[-3,20.975,-4],"size":[1,1.05,1],"uv":[0,0]}]},{"name":"left_eye","parent":"head","pivot":[2.5,21.5,-4],"cubes":[{"origin":[2,20.975,-4],"size":[1,1.05,1],"uv":[0,0]}]}]},{"description":{"identifier":"geometry.breeze_tornado","texture_width":128,"texture_height":128,"visible_bounds_width":3,"visible_bounds_height":3.5,"visible_bounds_offset":[0,1.25,0]},"bones":[{"name":"top","pivot":[0,21,0],"cubes":[{"origin":[-9,13,-9],"size":[18,8,18],"uv":[0,0]},{"origin":[-6,13,-6],"size":[12,8,12],"uv":[6,6]},{"origin":[-2.5,13,-2.5],"size":[5,8,5],"uv":[105,57]}]},{"name":"mid","pivot":[0,13,0],"cubes":[{"origin":[-6,7,-6],"size":[12,6,12],"uv":[74,28]},{"origin":[-4,7,-4],"size":[8,6,8],"uv":[78,32]},{"origin":[-2.5,7,-2.5],"size":[5,6,5],"uv":[49,71]}]},{"name":"bottom","pivot":[0,7,0],"cubes":[{"origin":[-2.5,0,-2.5],"size":[5,7,5],"uv":[1,83]}]}]}]}