{"format_version":"1.12.0","minecraft:geometry":[{"description":{"identifier":"geometry.camel_anim","texture_width":128,"texture_height":128,"visible_bounds_width":3,"visible_bounds_height":5,"visible_bounds_offset":[0,1.5,0]},"bones":[{"name":"root","pivot":[0,0,0],"locators":{"root_standing":[0,32,0],"root_sitting":[0,12,0]}},{"name":"body","parent":"root","pivot":[0.5,26,0],"cubes":[{"origin":[-7.5,20,-13.5],"size":[15,12,27],"uv":[0,25]},{"origin":[-4.5,32,-5.5],"size":[9,5,11],"uv":[74,0]}],"locators":{"driver_seat":[0,30,-10.5],"back_seat":[0,30,10.5]}},{"name":"head","parent":"body","pivot":[0,25,-13.5],"cubes":[{"origin":[-3.5,22,-24.5],"size":[7,8,16],"uv":[63,27]},{"origin":[-3.5,30,-24.5],"size":[7,14,7],"uv":[21,0]},{"origin":[-2.5,39,-30.5],"size":[5,5,6],"uv":[50,0]}],"locators":{"lead":[0,25,-14.5]}},{"name":"left_ear","parent":"head","pivot":[3.5,43,-19],"cubes":[{"origin":[3,42.5,-20],"size":[3,1,2],"uv":[45,0]}]},{"name":"right_ear","parent":"head","pivot":[-3.5,43,-19],"cubes":[{"origin":[-6,42.5,-20],"size":[3,1,2],"uv":[67,0]}]},{"name":"bridle","parent":"head","pivot":[0.5,25,-9.5],"cubes":[{"origin":[-3.5,22,-24.5],"size":[7,8,16],"inflate":0.1,"uv":[63,90]},{"origin":[-3.5,30,-24.5],"size":[7,14,7],"inflate":0.1,"uv":[21,64]},{"origin":[-2.5,39,-30.6],"size":[5,5,6],"inflate":0.1,"uv":[50,64]},{"origin":[2.5,40,-27.5],"size":[1,2,2],"uv":[74,70]},{"origin":[-3.5,40,-27.5],"size":[1,2,2],"uv":[74,70],"mirror":true}]},{"name":"reins","parent":"head","pivot":[0,41,-26.5],"cubes":[{"origin":[3.7,34,-26.5],"size":[0,7,15],"uv":[98,42]},{"origin":[-3.7,34,-11.5],"size":[7.4,7,0],"uv":[84,57]},{"origin":[-3.7,34,-26.5],"size":[0,7,15],"uv":[98,42]}]},{"name":"tail","parent":"body","pivot":[0,29,13.5],"cubes":[{"origin":[-1.5,15,13.5],"size":[3,14,0],"pivot":[0,29,13.5],"rotation":[0,180,0],"uv":[122,0]}]},{"name":"saddle","parent":"body","pivot":[0.5,20,10],"cubes":[{"origin":[-4.5,32,-5.5],"size":[9,5,11],"inflate":0.1,"uv":[74,64]},{"origin":[-3.5,37,-5.5],"size":[7,3,11],"inflate":0.1,"uv":[92,114]},{"origin":[-7.5,20,-13.5],"size":[15,12,27],"inflate":0.1,"uv":[0,89]}]},{"name":"right_front_leg","parent":"root","pivot":[-4.9,20,-10],"cubes":[{"origin":[-7.4,0,-12.5],"size":[5,21,5],"uv":[0,26]}]},{"name":"left_front_leg","parent":"root","pivot":[4.9,20,-10],"cubes":[{"origin":[2.4,0,-12.5],"size":[5,21,5],"uv":[0,0]}]},{"name":"left_hind_leg","parent":"root","pivot":[4.9,20,10],"cubes":[{"origin":[2.4,0,7.5],"size":[5,21,5],"uv":[58,16]}]},{"name":"right_hind_leg","parent":"root","pivot":[-4.9,20,10],"cubes":[{"origin":[-7.4,0,7.5],"size":[5,21,5],"uv":[94,16]}]}]}]}