{"format_version":"1.12.0","minecraft:geometry":[{"description":{"identifier":"geometry.ender_anim","texture_width":64,"texture_height":32,"visible_bounds_width":2,"visible_bounds_height":4.5,"visible_bounds_offset":[0,1.75,0]},"bones":[{"name":"root","pivot":[0,0,0]},{"name":"fakeArms","parent":"root","pivot":[0,13.5,-10],"cubes":[{"origin":[-3,12.5,-11],"size":[2,30,2],"pivot":[-2,13.5,-10],"rotation":[-19.5,-4,-4.4],"uv":[48,0]},{"origin":[1,12.5,-11],"size":[2,30,2],"pivot":[2,13.5,-10],"rotation":[-19.5,4,4.4],"uv":[48,0],"mirror":true}]},{"name":"waist","parent":"root","pivot":[0,30,0]},{"name":"body","parent":"waist","pivot":[0,42,0],"reset":true,"cubes":[{"origin":[-4,30,-2],"size":[8,12,4],"uv":[24,16]}]},{"name":"head","parent":"body","pivot":[0,42,0],"cubes":[{"origin":[-4,42,-4],"size":[8,8,8],"uv":[0,0]},{"origin":[-4,44,-4],"size":[8,0,3],"uv":[29,10]}]},{"name":"eyes","parent":"head","pivot":[0,42,0],"cubes":[{"origin":[-4,47,-3.99],"size":[3,0,1.5],"uv":[28,4]},{"origin":[-4,44,-3.99],"size":[2.15,3,0],"pivot":[-4,45.5,-3.99],"rotation":[0,-45,0],"uv":[32,0]},{"origin":[-3.15,44,-3.99],"size":[2.15,3,0],"pivot":[-1,45.5,-3.99],"rotation":[0,45,0],"uv":[32,0]},{"origin":[-3.99,44.01,-3.99],"size":[3,0,1.5],"uv":[31,4]},{"origin":[1,47,-3.99],"size":[3,0,1.5],"uv":[28,4]},{"origin":[1,44,-3.99],"size":[2.15,3,0],"pivot":[1,45.5,-3.99],"rotation":[0,-45,0],"uv":[32,0]},{"origin":[1.85,44,-3.99],"size":[2.15,3,0],"pivot":[4,45.5,-3.99],"rotation":[0,45,0],"uv":[32,0]},{"origin":[0.99,44.01,-3.99],"size":[3,0,1.5],"uv":[31,4]}]},{"name":"eyelids_bottom","parent":"head","pivot":[0,44,-4],"cubes":[{"origin":[-4,43.975,-4],"size":[3.025,1.025,0],"uv":[32,14]},{"origin":[0.975,43.975,-4],"size":[3.025,1.025,0],"uv":[32,14],"mirror":true}]},{"name":"eyelids_top","parent":"head","pivot":[0,47,-4],"cubes":[{"origin":[-4,46,-4],"size":[3.025,1.025,0],"uv":[32,13]},{"origin":[0.975,46,-4],"size":[3.025,1.025,0],"uv":[32,13],"mirror":true}]},{"name":"pupils","parent":"head","pivot":[0,45.5,-3.975],"cubes":[{"origin":[-3,44.975,-3.975],"size":[1.05,1.05,0],"uv":[32,3]},{"origin":[1.9,44.975,-3.975],"size":[1.05,1.05,0],"uv":[32,3]}]},{"name":"jaw","parent":"head","pivot":[0,42.25,0],"reset":true,"cubes":[{"origin":[-3.5,42.25,-3.75],"size":[7,7,5],"inflate":0.2,"uv":[0,20]}]},{"name":"teeth","parent":"jaw","pivot":[0,42.25,0],"cubes":[{"origin":[-2,43.75,-2],"size":[4,4,1],"inflate":1,"uv":[32,5]},{"origin":[-3.5,43.75,-3.75],"size":[7,2,1],"uv":[0,16]}]},{"name":"rightArm","parent":"body","pivot":[-5,40,0],"reset":true,"cubes":[{"origin":[-6,12,-1],"size":[2,30,2],"uv":[48,0]}]},{"name":"rightItem","parent":"rightArm","pivot":[-6,16,1]},{"name":"leftArm","parent":"body","pivot":[5,40,0],"reset":true,"mirror":true,"cubes":[{"origin":[4,12,-1],"size":[2,30,2],"uv":[48,0]}]},{"name":"rightLeg","parent":"root","pivot":[-2,30,0],"reset":true,"cubes":[{"origin":[-3,0,-1],"size":[2,30,2],"uv":[56,0]}]},{"name":"leftLeg","parent":"root","pivot":[2,30,0],"reset":true,"mirror":true,"cubes":[{"origin":[1,0,-1],"size":[2,30,2],"uv":[56,0]}]}]}]}