{"format_version":"1.12.0","minecraft:geometry":[{"description":{"identifier":"geometry.endermite_anim","texture_width":32,"texture_height":32},"bones":[{"name":"root","pivot":[0,0,0]},{"name":"head","parent":"root","pivot":[0,0,-2.5],"cubes":[{"origin":[-2,0,-4.4],"size":[4,3,2],"uv":{"north":{"uv":[2,2],"uv_size":[4,3]},"east":{"uv":[0,2],"uv_size":[2,3]},"south":{"uv":[8,2],"uv_size":[4,3]},"west":{"uv":[6,2],"uv_size":[2,3]},"up":{"uv":[2,0],"uv_size":[4,2]},"down":{"uv":[6,2],"uv_size":[4,-2]}}}]},{"name":"eye","parent":"head","pivot":[0,2,-4.5],"cubes":[{"origin":[-1,2,-4.5],"size":[2,1,1],"uv":{"north":{"uv":[13,1],"uv_size":[2,1]}}}]},{"name":"body","parent":"root","pivot":[0,0,0],"cubes":[{"origin":[-3,0,-2.4],"size":[6,4,5],"uv":{"north":{"uv":[5,10],"uv_size":[6,4]},"east":{"uv":[0,10],"uv_size":[5,4]},"south":{"uv":[16,10],"uv_size":[6,4]},"west":{"uv":[11,10],"uv_size":[5,4]},"up":{"uv":[5,5],"uv_size":[6,5]},"down":{"uv":[11,10],"uv_size":[6,-5]}}}]},{"name":"tail","parent":"root","pivot":[0,0,2.5],"cubes":[{"origin":[-1.5,0,2.5],"size":[3,3,1],"uv":{"east":{"uv":[0,15],"uv_size":[1,3]},"south":{"uv":[5,15],"uv_size":[3,3]},"west":{"uv":[4,15],"uv_size":[1,3]},"up":{"uv":[1,14],"uv_size":[3,1]},"down":{"uv":[4,15],"uv_size":[3,-1]}}},{"origin":[-0.5,0,3.5],"size":[1,2,1],"uv":{"east":{"uv":[0,19],"uv_size":[1,2]},"south":{"uv":[3,19],"uv_size":[1,2]},"west":{"uv":[2,19],"uv_size":[1,2]},"up":{"uv":[1,18],"uv_size":[1,1]},"down":{"uv":[2,19],"uv_size":[1,-1]}}}]}]}]}