{"format_version":"1.16.0","minecraft:geometry":[{"description":{"identifier":"geometry.rocket","texture_width":16,"texture_height":16},"bones":[{"name":"firework","pivot":[0,11.75,0],"binding":"q.item_slot_to_bone_name(c.item_slot)","locators":{"tail":[0,5.5,0]}},{"name":"axis","parent":"firework","pivot":[0,11.75,0],"poly_mesh":{"normalized_uvs":true,"normals":[[0,-1,0],[0.9279,0.3728,0],[0,0.3728,0.9279],[0,0.3728,-0.9279],[-0.9279,0.3728,0]],"positions":[[0,20.55,0],[-2.25,14.95,2.25],[-2.25,14.95,-2.25],[2.25,14.95,2.25],[2.25,14.95,-2.25]],"uvs":[[0.625,0.6875],[0.625,1],[0.3125,1],[0.3125,0.6875],[0.3125,0.3125],[0.625,0.3125],[0.46875,0.625]],"polys":[[[2,0,0],[1,0,1],[3,0,2],[4,0,3]],[[1,1,4],[2,1,5],[0,1,6],[0,1,6]],[[3,2,4],[1,2,5],[0,2,6],[0,2,6]],[[2,3,4],[4,3,5],[0,3,6],[0,3,6]],[[4,4,4],[3,4,5],[0,4,6],[0,4,6]]]},"cubes":[{"origin":[-1.5,7,-1.5],"size":[3,8,3],"uv":{"north":{"uv":[0,0],"uv_size":[4,10]},"east":{"uv":[0,0],"uv_size":[4,10]},"south":{"uv":[0,0],"uv_size":[4,10]},"west":{"uv":[0,0],"uv_size":[4,10]},"down":{"uv":[4,14],"uv_size":[-4,-4]}}},{"origin":[-0.5,0,-0.5],"size":[1,7,1],"uv":{"north":{"uv":[4,0],"uv_size":[1,7]},"east":{"uv":[4,0],"uv_size":[1,7]},"south":{"uv":[4,0],"uv_size":[1,7]},"west":{"uv":[4,0],"uv_size":[1,7]},"down":{"uv":[5,7],"uv_size":[-1,-1]}}}]}]}]}