{"format_version":"1.8.0","geometry.fox_anim":{"texturewidth":64,"textureheight":32,"bones":[{"name":"root","pivot":[0,0,0]},{"name":"body","parent":"root","pivot":[0,8,0]},{"name":"head","parent":"body","pivot":[0,8,-5.5],"cubes":[{"origin":[-4,5,-11.5],"size":[8,6,6],"uv":[0,0]},{"origin":[-4,6.75,-11.4],"size":[2.3,1.5,0],"uv":[0,4]},{"origin":[1.7,6.75,-11.4],"size":[2.3,1.5,0],"uv":[0,4]}],"locators":{"lead":[0,7,-5.5]}},{"name":"snout","parent":"head","pivot":[0,6,-11.5],"cubes":[{"origin":[-2,5,-14.5],"size":[4,2,3],"uv":[0,24]}],"locators":{"held_item":[-2,2.25,-5]}},{"name":"leftEar","parent":"head","pivot":[3,11,-10],"cubes":[{"origin":[2,11,-10.5],"size":[2,2,1],"uv":[22,0]}]},{"name":"rightEar","parent":"head","pivot":[-3,11,-10],"cubes":[{"origin":[-4,11,-10.5],"size":[2,2,1],"uv":[0,0]}]},{"name":"left_eye","parent":"head","pivot":[3.5,7.5,-11.475],"cubes":[{"origin":[3,6.975,-11.475],"size":[1,1.05,0],"uv":[0,5]}]},{"name":"right_eye","parent":"head","pivot":[-3.5,7.5,-11.475],"cubes":[{"origin":[-4,6.975,-11.475],"size":[1,1.05,0],"uv":[0,5]}]},{"name":"head_sleep","parent":"head","pivot":[0,8,-5.5],"cubes":[{"origin":[-4,5,-11.5],"size":[8,6,6],"uv":[0,12]}]},{"name":"centroid","parent":"body","pivot":[0,8,0],"rotation":[90,0,0],"cubes":[{"origin":[-3,2.5,-3],"size":[6,11,6],"uv":[30,15]}]},{"name":"tail","parent":"body","pivot":[0,8,5.5],"rotation":[90,0,0],"cubes":[{"origin":[-2,-1,3.25],"size":[4,9,5],"uv":[28,0]}]},{"name":"leg0","parent":"root","pivot":[-3,6,3.5],"cubes":[{"origin":[-3.005,0,2.5],"size":[2,6,2],"uv":[14,24]}]},{"name":"leg1","parent":"root","pivot":[1,6,3.5],"cubes":[{"origin":[1.005,0,2.5],"size":[2,6,2],"uv":[22,24]}]},{"name":"leg2","parent":"root","pivot":[-3,6,-3.5],"cubes":[{"origin":[-3.005,0,-4.5],"size":[2,6,2],"uv":[14,24]}]},{"name":"leg3","parent":"root","pivot":[1,6,-3.5],"cubes":[{"origin":[1.005,0,-4.5],"size":[2,6,2],"uv":[22,24]}]}]}}