{"format_version":"1.12.0","minecraft:geometry":[{"description":{"identifier":"geometry.illager_0","texture_width":64,"texture_height":64},"bones":[{"name":"root","pivot":[0,0,0]},{"name":"waist","parent":"root","pivot":[0,12,0]},{"name":"body","parent":"waist","pivot":[0,0,0],"cubes":[{"origin":[-4,12,-3],"size":[8,12,6],"uv":[16,20]}]},{"name":"head","parent":"body","pivot":[0,24,0],"cubes":[{"origin":[-4,24,-4],"size":[8,10,8],"uv":[0,0]},{"origin":[-3.75,26.75,-3.85],"size":[3,2.5,0],"uv":[0,2]},{"origin":[0.75,26.75,-3.85],"size":[3,2.5,0],"uv":[0,2]}]},{"name":"nose","parent":"head","pivot":[0,26.5,-4],"cubes":[{"origin":[-1,23,-6],"size":[2,4,2],"uv":[24,0]}]},{"name":"eyelids","parent":"head","pivot":[0,29,-4],"cubes":[{"origin":[-3.025,28,-4],"size":[2.025,1.025,0],"uv":[0,5]},{"origin":[1,28,-4],"size":[2.025,1.025,0],"uv":[0,5]}]},{"name":"right_eye","parent":"head","pivot":[-1.5,27.5,-3.975],"cubes":[{"origin":[-2.025,26.975,-3.975],"size":[1.05,1.05,0],"uv":[0,4]}]},{"name":"left_eye","parent":"head","pivot":[1.5,27.5,-3.975],"cubes":[{"origin":[0.975,26.975,-3.975],"size":[1.05,1.05,0],"uv":[0,4]}]},{"name":"leftbrow","parent":"head","pivot":[-1,27.95,-4.2],"cubes":[{"origin":[-4,27.95,-4.1],"size":[4,2,0],"uv":[0,0]}]},{"name":"rightbrow","parent":"head","pivot":[1,27.95,-4.2],"mirror":true,"cubes":[{"origin":[0,27.95,-4.1],"size":[4,2,0],"uv":[0,0]}]},{"name":"rightarm","parent":"body","pivot":[-5,22,0],"cubes":[{"origin":[-8,12,-2],"size":[4,12,4],"uv":[40,46]}]},{"name":"rightItem","parent":"rightarm","pivot":[-6,15,1],"locators":{"lead_hold":[-6,15,1]}},{"name":"leftarm","parent":"body","pivot":[5,22,0],"mirror":true,"cubes":[{"origin":[4,12,-2],"size":[4,12,4],"uv":[40,46]}]},{"name":"leftItem","parent":"leftarm","pivot":[6,15,1]},{"name":"jacket","parent":"body","pivot":[0,0,0],"cubes":[{"origin":[-4,6,-3],"size":[8,18,6],"inflate":0.5,"uv":[0,38]}]},{"name":"rightLeg","parent":"root","pivot":[-2,12,0],"cubes":[{"origin":[-4,0,-2],"size":[4,12,4],"pivot":[-2,12,0],"rotation":[0,5,1],"uv":[0,22]}]},{"name":"leftLeg","parent":"root","pivot":[2,12,0],"mirror":true,"cubes":[{"origin":[0,0,-2],"size":[4,12,4],"pivot":[2,12,0],"rotation":[0,-5,0],"uv":[0,22]}]}]},{"description":{"identifier":"geometry.illager_1","texture_width":64,"texture_height":64},"bones":[{"name":"root","pivot":[0,0,0]},{"name":"waist","parent":"root","pivot":[0,12,0]},{"name":"body","parent":"waist","pivot":[0,24,0],"cubes":[{"origin":[-4,12,-3],"size":[8,12,6],"uv":[16,20]},{"origin":[-4,6,-3],"size":[8,18,6],"inflate":0.5,"uv":[0,38]}]},{"name":"head","parent":"body","pivot":[0,24,0],"cubes":[{"origin":[-3.75,26.75,-3.85],"size":[3,2.5,0],"uv":[0,2]},{"origin":[0.75,26.75,-3.85],"size":[3,2.5,0],"uv":[0,2]},{"origin":[-4,24,-4],"size":[8,10,8],"uv":[0,0]}]},{"name":"rightbrow","parent":"head","pivot":[1,27.95,-4.2],"mirror":true,"cubes":[{"origin":[0,27.95,-4.1],"size":[4,2,0],"uv":[0,0]}]},{"name":"leftbrow","parent":"head","pivot":[-1,27.95,-4.2],"cubes":[{"origin":[-4,27.95,-4.1],"size":[4,2,0],"uv":[0,0]}]},{"name":"eyelids","parent":"head","pivot":[0,29,-4],"cubes":[{"origin":[-3.025,28,-4],"size":[2.025,1.025,0],"uv":[0,5]},{"origin":[1,28,-4],"size":[2.025,1.025,0],"uv":[0,5]}]},{"name":"right_eye","parent":"head","pivot":[-1.5,27.5,-3.975],"cubes":[{"origin":[-2.025,26.975,-3.975],"size":[1.05,1.05,0],"uv":[0,4]}]},{"name":"left_eye","parent":"head","pivot":[1.5,27.5,-3.975],"cubes":[{"origin":[0.975,26.975,-3.975],"size":[1.05,1.05,0],"uv":[0,4]}]},{"name":"nose","parent":"head","pivot":[0,26.5,-4],"cubes":[{"origin":[-1,23,-6],"size":[2,4,2],"uv":[24,0]}]},{"name":"rightArm","parent":"body","pivot":[-5,22,0],"cubes":[{"origin":[-8,12,-2],"size":[4,12,4],"uv":[40,46]}]},{"name":"rightItem","parent":"rightArm","pivot":[-5.5,16,0.5]},{"name":"leftArm","parent":"body","pivot":[5,22,0],"mirror":true,"cubes":[{"origin":[4,12,-2],"size":[4,12,4],"uv":[40,46]}]},{"name":"leftItem","parent":"leftArm","pivot":[6,15,1]},{"name":"rightleg","parent":"root","pivot":[-2,12,0],"cubes":[{"origin":[-4,0,-2],"size":[4,12,4],"pivot":[-2,12,0],"rotation":[-1,7.5,1],"uv":[0,22]}]},{"name":"leftleg","parent":"root","pivot":[2,12,0],"mirror":true,"cubes":[{"origin":[0,0,-2],"size":[4,12,4],"pivot":[2,12,0],"rotation":[0,0,-1],"uv":[0,22]}]}]},{"description":{"identifier":"geometry.illager_2","texture_width":64,"texture_height":64},"bones":[{"name":"root","pivot":[0,0,0]},{"name":"waist","parent":"root","pivot":[0,12,0]},{"name":"body","parent":"waist","pivot":[0,24,0],"cubes":[{"origin":[-4,12,-3],"size":[8,12,6],"uv":[16,20]},{"origin":[-4,5,-3],"size":[8,19,6],"inflate":0.5,"uv":[0,38]}]},{"name":"head","parent":"body","pivot":[0,24,0],"cubes":[{"origin":[-4,24,-4],"size":[8,10,8],"uv":[0,0]},{"origin":[-3.75,26.75,-3.85],"size":[3,2.5,0],"uv":[0,2]},{"origin":[0.75,26.75,-3.85],"size":[3,2.5,0],"uv":[0,2]}]},{"name":"nose","parent":"head","pivot":[0,26.5,-4],"cubes":[{"origin":[-1,23,-6],"size":[2,4,2],"uv":[24,0]}]},{"name":"eyelids","parent":"head","pivot":[0,29,-4],"cubes":[{"origin":[-3.025,28,-4],"size":[2.025,1.025,0],"uv":[0,5]},{"origin":[1,28,-4],"size":[2.025,1.025,0],"uv":[0,5]}]},{"name":"right_eye","parent":"head","pivot":[-1.5,27.5,-3.975],"cubes":[{"origin":[-2.025,26.975,-3.975],"size":[1.05,1.05,0],"uv":[0,4]}]},{"name":"left_eye","parent":"head","pivot":[1.5,27.5,-3.975],"cubes":[{"origin":[0.975,26.975,-3.975],"size":[1.05,1.05,0],"uv":[0,4]}]},{"name":"rightbrow","parent":"head","pivot":[1,27.95,-4.2],"mirror":true,"cubes":[{"origin":[0,27.95,-4.1],"size":[4,2,0],"uv":[0,0]}]},{"name":"leftbrow","parent":"head","pivot":[-1,27.95,-4.2],"cubes":[{"origin":[-4,27.95,-4.1],"size":[4,2,0],"uv":[0,0]}]},{"name":"arms","parent":"body","pivot":[0,22,0],"rotation":[-42.97,0,0],"cubes":[{"origin":[-8,16,-2],"size":[4,8,4],"uv":[44,22]},{"origin":[4,16,-2],"size":[4,8,4],"uv":[44,22],"mirror":true},{"origin":[-4,16,-2],"size":[8,4,4],"uv":[40,38]}]},{"name":"rightArm","parent":"body","pivot":[-5,22,0],"cubes":[{"origin":[-8,12,-2],"size":[4,12,4],"uv":[40,46]}],"locators":{"right_spell":[-6,14,0]}},{"name":"leftArm","parent":"body","pivot":[5,22,0],"mirror":true,"cubes":[{"origin":[4,12,-2],"size":[4,12,4],"uv":[40,46]}],"locators":{"left_spell":[6,14,0]}},{"name":"rightleg","parent":"root","pivot":[-2,12,0],"cubes":[{"origin":[-4,0,-2],"size":[4,12,4],"pivot":[0,0,0],"rotation":[0,4,0],"uv":[0,22]}]},{"name":"leftleg","parent":"root","pivot":[2,12,0],"mirror":true,"cubes":[{"origin":[0,0,-2],"size":[4,12,4],"pivot":[0,0,0],"rotation":[0,-4,0],"uv":[0,22]}]}]}]}