{"format_version":"1.12.0","minecraft:geometry":[{"description":{"identifier":"geometry.iron_golem_anim","texture_width":128,"texture_height":128,"visible_bounds_width":3,"visible_bounds_height":4.5,"visible_bounds_offset":[0,1.75,0]},"bones":[{"name":"root","pivot":[0,0,0]},{"name":"waist","parent":"root","pivot":[0,17.5,0],"cubes":[{"origin":[-4.5,16,-3],"size":[9,5,6],"inflate":0.5,"uv":[0,70]}]},{"name":"body","parent":"waist","pivot":[0,21,0],"cubes":[{"origin":[-9,21,-6],"size":[18,12,11],"uv":[0,40]}]},{"name":"head","parent":"body","pivot":[0,33,-3],"cubes":[{"origin":[-4,33,-7.5],"size":[8,10,8],"uv":[0,0]},{"origin":[-1,32,-9.5],"size":[2,4,2],"uv":[24,0]}],"locators":{"lead":[0,33,-3]}},{"name":"monobrow","parent":"head","pivot":[0,38.5,-7],"cubes":[{"origin":[-4.125,38,-7.75],"size":[8.25,1,1],"uv":[0,18]}]},{"name":"rightArm","parent":"body","pivot":[-10,31,0],"cubes":[{"origin":[-13,3.5,-3],"size":[4,30,6],"pivot":[-10,31,0],"rotation":[0,12.5,0],"uv":[60,21]}]},{"name":"leftArm","parent":"body","pivot":[10,31,0],"cubes":[{"origin":[9,3.5,-3],"size":[4,30,6],"pivot":[10,31,0],"rotation":[0,-12.5,0],"uv":[60,58]}]},{"name":"rightLeg","parent":"root","pivot":[-4,16,0],"cubes":[{"origin":[-7,0,-3],"size":[6,16,5],"pivot":[-4,13,0],"rotation":[0,7.5,2.5],"uv":[37,0]}]},{"name":"leftLeg","parent":"root","pivot":[5,16,0],"cubes":[{"origin":[1,0,-3],"size":[6,16,5],"pivot":[4,13,0],"rotation":[0,-7.5,-2.5],"uv":[60,0]}]}]}]}