{"format_version":"1.8.0","geometry.phantom_anim":{"texturewidth":64,"textureheight":64,"visible_bounds_width":4,"visible_bounds_height":1.5,"visible_bounds_offset":[0,0.25,0],"bones":[{"name":"body","pivot":[0,1,0],"cubes":[{"origin":[-2.5,0,-4.5],"size":[5,3,9],"uv":[0,8]}]},{"name":"wing0","parent":"body","pivot":[2.5,2,-3.5],"cubes":[{"origin":[2.5,1,-4.5],"size":[6,2,9],"uv":[23,12]}]},{"name":"wingtip0","parent":"wing0","pivot":[8.5,3,-4.5],"cubes":[{"origin":[8.5,2,-4.5],"size":[13,1,9],"uv":[16,24]}],"locators":{"left_wing":[21.5,3,0]}},{"name":"wing1","parent":"body","pivot":[-2.5,2,-3.5],"mirror":true,"cubes":[{"origin":[-8.5,1,-4.5],"size":[6,2,9],"uv":[23,12]}]},{"name":"wingtip1","parent":"wing1","pivot":[-8.5,3,-4.5],"mirror":true,"cubes":[{"origin":[-21.5,2,-4.5],"size":[13,1,9],"uv":[16,24]}],"locators":{"right_wing":[-21.5,1,0]}},{"name":"head","parent":"body","pivot":[0,1,-3.5],"cubes":[{"origin":[-3.5,-1,-8.5],"size":[7,3,5],"uv":[0,0]}]},{"name":"tail","parent":"body","pivot":[0.5,2,4.5],"cubes":[{"origin":[-1.5,1,4.5],"size":[3,2,6],"uv":[3,20]}]},{"name":"tailtip","parent":"tail","pivot":[0,2,10.5],"cubes":[{"origin":[-0.5,1.5,10.5],"size":[1,1,6],"uv":[4,29]}]}]}}