{"format_version":"1.12.0","minecraft:geometry":[{"description":{"identifier":"geometry.piglin_anim","texture_width":64,"texture_height":64,"visible_bounds_width":3,"visible_bounds_height":3.5,"visible_bounds_offset":[0,1.25,0]},"bones":[{"name":"root","pivot":[0,0,0]},{"name":"waist","parent":"root","pivot":[0,12,0]},{"name":"body","parent":"waist","pivot":[0,24,0],"cubes":[{"origin":[-4,12,-2],"size":[8,12,4],"uv":[16,16]},{"origin":[-4,12,-2],"size":[8,12,4],"inflate":0.15,"uv":[16,32]}]},{"name":"head","parent":"body","pivot":[0,24,0],"cubes":[{"origin":[-5,24,-4],"size":[10,8,8],"inflate":-0.02,"uv":[0,0]},{"origin":[-3,24,-5],"size":[1,2,1],"uv":[2,0]},{"origin":[2,24,-5],"size":[1,2,1],"uv":[2,0],"mirror":true}]},{"name":"snout","parent":"head","pivot":[0,26,-4],"cubes":[{"origin":[-2,24,-5],"size":[4,4,1],"uv":[31,1]}]},{"name":"rightear","parent":"head","pivot":[-5.25,30,0.5],"rotation":[0,3,25],"cubes":[{"origin":[-5.25,25,-1.5],"size":[1,5,4],"uv":[39,6]}]},{"name":"leftear","parent":"head","pivot":[5.25,30,0.5],"rotation":[0,-3,-25],"mirror":true,"cubes":[{"origin":[4.25,25,-1.5],"size":[1,5,4],"uv":[51,6]}]},{"name":"blink","parent":"head","pivot":[0,28,-4.1],"cubes":[{"origin":[-3,28,-4.1],"size":[1,1,0],"uv":[42,2]},{"origin":[2,28,-4.1],"size":[1,1,0],"uv":[42,2]}]},{"name":"rightarm","parent":"body","pivot":[-5,22,0],"cubes":[{"origin":[-8,12,-2],"size":[4,12,4],"uv":[40,16]}]},{"name":"rightItem","parent":"rightarm","pivot":[-6,15,1],"locators":{"lead_hold":[-6,15,1]}},{"name":"leftarm","parent":"body","pivot":[5,22,0],"cubes":[{"origin":[4,12,-2],"size":[4,12,4],"uv":[32,48]}]},{"name":"leftItem","parent":"leftarm","pivot":[6,15,1]},{"name":"leftleg","parent":"root","pivot":[2.1,12,0],"cubes":[{"origin":[0.2,0,-2],"size":[4,12,4],"pivot":[2.2,12,0],"rotation":[0,-5,-1.5],"uv":[16,48]},{"origin":[0.2,0,-2],"size":[4,12,4],"inflate":0.15,"pivot":[2.2,12,0],"rotation":[0,-5,-1.5],"uv":[0,48]}]},{"name":"rightleg","parent":"root","pivot":[-2.1,12,0],"cubes":[{"origin":[-4.2,0,-2],"size":[4,12,4],"pivot":[-2.2,12,0],"rotation":[0,7.5,1],"uv":[0,16]},{"origin":[-4.2,0,-2],"size":[4,12,4],"inflate":0.15,"pivot":[-2.2,12,0],"rotation":[0,7.5,1],"uv":[0,32]}]}]},{"description":{"identifier":"geometry.z_piglin","texture_width":64,"texture_height":64,"visible_bounds_width":2,"visible_bounds_height":3.5,"visible_bounds_offset":[0,1.25,0]},"bones":[{"name":"root","pivot":[0,0,0]},{"name":"waist","parent":"root","pivot":[0,12,0]},{"name":"body","parent":"waist","pivot":[0,24,0],"cubes":[{"origin":[-4,12,-2],"size":[8,12,4],"uv":[16,16]},{"origin":[-4,12,-2],"size":[8,12,4],"inflate":0.25,"uv":[16,32]}]},{"name":"head","parent":"body","pivot":[0,24,0],"cubes":[{"origin":[-5,24,-4],"size":[10,8,8],"inflate":-0.02,"uv":[0,0]},{"origin":[-2,24,-5],"size":[4,4,1],"uv":[31,1]},{"origin":[-3,24,-5],"size":[1,2,1],"uv":[2,0]},{"origin":[2,24,-5],"size":[1,2,1],"uv":[2,0],"mirror":true}]},{"name":"leftear","parent":"head","pivot":[5.25,30,0.5],"mirror":true,"cubes":[{"origin":[4.75,25,-1.5],"size":[1,5,4],"uv":[51,6]}]},{"name":"hat","parent":"head","pivot":[0,24,0]},{"name":"blink","parent":"head","pivot":[0,28,-4.1],"cubes":[{"origin":[2,28,-4.1],"size":[1,1,0],"uv":[43,1]}]},{"name":"rightarm","parent":"body","pivot":[-5,22,0],"cubes":[{"origin":[-8,12,-2],"size":[4,12,4],"uv":[40,16]}]},{"name":"rightItem","parent":"rightarm","pivot":[-6,15,1],"locators":{"lead_hold":[-6,15,1]}},{"name":"leftarm","parent":"body","pivot":[5,22,0],"cubes":[{"origin":[4,12,-2],"size":[4,12,4],"uv":[32,48]}]},{"name":"leftItem","parent":"leftarm","pivot":[6,15,1]},{"name":"leftleg","parent":"root","pivot":[1.9,12,0],"cubes":[{"origin":[0,0,-2],"size":[4,12,4],"pivot":[2,12,0],"rotation":[0,5,0],"uv":[16,48]},{"origin":[0,0,-2],"size":[4,12,4],"inflate":0.25,"pivot":[2,12,0],"rotation":[0,5,0],"uv":[0,48]}]},{"name":"rightleg","parent":"root","pivot":[-1.9,12,0],"cubes":[{"origin":[-4,0,-2],"size":[4,12,4],"pivot":[-2,12,0],"rotation":[0,-7.5,0],"uv":[0,16]},{"origin":[-4,0,-2],"size":[4,12,4],"inflate":0.25,"pivot":[-2,12,0],"rotation":[0,-7.5,0],"uv":[0,32]}]}]}]}