{"format_version":"1.8.0","geometry.ravager_anim":{"texturewidth":128,"textureheight":128,"visible_bounds_width":5,"visible_bounds_height":3.5,"visible_bounds_offset":[0,1.25,0],"bones":[{"name":"root","pivot":[0,0,0]},{"name":"body","parent":"root","pivot":[0,24,0]},{"name":"thorax","parent":"body","pivot":[0,25,-5.5],"rotation":[90,0,0],"cubes":[{"origin":[-7,17,-15.5],"size":[14,16,20],"uv":[0,55]}]},{"name":"abdomen","parent":"body","pivot":[0,24,9],"rotation":[90,0,0],"cubes":[{"origin":[-6,17.5,0],"size":[12,13,18],"uv":[0,91]}]},{"name":"neck","parent":"body","pivot":[0,28,-18.5],"bind_pose_rotation":[-5,0,0],"cubes":[{"origin":[-5,21,-18.5],"size":[10,10,18],"uv":[68,73]}]},{"name":"head","parent":"neck","pivot":[0,28,-18.5],"cubes":[{"origin":[-8,13,-32.5],"size":[16,20,16],"uv":[0,0]},{"origin":[-6.25,18.75,-32.35],"size":[4.5,3.5,0],"uv":[0,13]},{"origin":[1.75,18.75,-32.35],"size":[4.5,3.5,0],"uv":[0,13]},{"origin":[-2,11,-36.5],"size":[4,8,4],"uv":[0,0]}],"locators":{"stun":[0,31,-23.5]}},{"name":"mouth","parent":"head","pivot":[0,14,-18.5],"cubes":[{"origin":[-8,12,-32.5],"size":[16,3,16],"uv":[0,36]}]},{"name":"monobrow","parent":"head","pivot":[0,20,-32.5],"cubes":[{"origin":[-8.1,20,-32.75],"size":[16.2,2,1],"uv":[0,122]}]},{"name":"blink","parent":"head","pivot":[0,19,-32.5],"cubes":[{"origin":[-6.05,18.95,-32.5],"size":[4.1,3.1,0],"uv":[32,0]},{"origin":[1.95,18.95,-32.5],"size":[4.1,3.1,0],"uv":[32,0],"mirror":true}]},{"name":"horns","parent":"head","pivot":[0,26,-27.5],"rotation":[60,0,0],"cubes":[{"origin":[-10,26,-28.5],"size":[2,14,4],"uv":[74,55]},{"origin":[8,26,-28.5],"size":[2,14,4],"uv":[74,55]}]},{"name":"right_eye","parent":"head","pivot":[-3,20,-32.45],"cubes":[{"origin":[-4,18.75,-32.45],"size":[2,2.25,0],"uv":[8,14]}]},{"name":"left_eye","parent":"head","pivot":[3,20,-32.45],"cubes":[{"origin":[2,18.75,-32.45],"size":[2,2.25,0],"uv":[8,14]}]},{"name":"leg_back_right","parent":"root","pivot":[-8.5,32,12.5],"cubes":[{"origin":[-12.5,0,8.5],"size":[8,37,8],"uv":[96,0]}]},{"name":"leg_back_left","parent":"root","pivot":[8.5,32,12.5],"cubes":[{"origin":[4.5,0,8.5],"size":[8,37,8],"uv":[96,0]}]},{"name":"leg_front_right","parent":"root","pivot":[-9,32,-12.5],"cubes":[{"origin":[-13,0,-16.5],"size":[8,37,8],"uv":[64,0]}]},{"name":"leg_front_left","parent":"root","pivot":[9,32,-12.5],"cubes":[{"origin":[5,0,-16.5],"size":[8,37,8],"uv":[64,0]}]}]}}