{"format_version":"1.10.0","geometry.spider_anim":{"texturewidth":64,"textureheight":32,"visible_bounds_width":4,"visible_bounds_height":2.5,"visible_bounds_offset":[0,0.75,0],"bones":[{"name":"root","pivot":[0,0,0]},{"name":"body","parent":"root","pivot":[0,11,0],"cubes":[{"origin":[-3,8,-3],"size":[6,6,6],"uv":[0,0]}]},{"name":"head","parent":"body","pivot":[0,11,-3],"cubes":[{"origin":[-4,7,-11],"size":[8,8,8],"uv":[32,4]}]},{"name":"eyes","parent":"head","pivot":[0,11,-11],"cubes":[{"origin":[-4.25,11,-11.25],"size":[1.25,2,1.25],"uv":[46,23]},{"origin":[3,11,-11.25],"size":[1.25,2,1.25],"uv":[46,23],"mirror":true},{"origin":[-2,13,-11.25],"size":[1,1,1],"uv":[46,26]},{"origin":[1,13,-11.25],"size":[1,1,1],"uv":[46,28]}]},{"name":"eyes_top","parent":"head","pivot":[0,13.5,-11],"cubes":[{"origin":[-3,13,-11.25],"size":[1,1,1],"uv":[46,28]},{"origin":[2,13,-11.25],"size":[1,1,1],"uv":[46,26]}]},{"name":"eyes_center","parent":"head","pivot":[0,11,-11],"cubes":[{"origin":[-2,10,-11.5],"size":[4,2,1],"uv":[46,20]}]},{"name":"abdomen","parent":"body","pivot":[0,11,3],"rotation":[20,0,0],"cubes":[{"origin":[-5,7,3],"size":[10,8,12],"uv":[0,12]}]},{"name":"right_legs","parent":"root","pivot":[-4,9,0]},{"name":"leg_R1","parent":"right_legs","pivot":[-4,9,-2],"cubes":[{"origin":[-19,8,-3],"size":[16,2,2],"uv":[18,0]}]},{"name":"leg_R2","parent":"right_legs","pivot":[-5,9,-0.75],"cubes":[{"origin":[-20,8,-1.75],"size":[16,2,2],"uv":[18,0]}]},{"name":"leg_R3","parent":"right_legs","pivot":[-5,9,0.75],"cubes":[{"origin":[-20,8,-0.25],"size":[16,2,2],"uv":[18,0]}]},{"name":"leg_R4","parent":"right_legs","pivot":[-5,9,2],"cubes":[{"origin":[-20,8,1],"size":[16,2,2],"uv":[18,0]}]},{"name":"left_legs","parent":"root","pivot":[4,9,0]},{"name":"leg_L1","parent":"left_legs","pivot":[4,9,-2],"mirror":true,"cubes":[{"origin":[3,8,-3],"size":[16,2,2],"uv":[18,0]}]},{"name":"leg_L2","parent":"left_legs","pivot":[5,9,-0.75],"mirror":true,"cubes":[{"origin":[4,8,-1.75],"size":[16,2,2],"uv":[18,0]}]},{"name":"leg_L3","parent":"left_legs","pivot":[5,9,0.75],"mirror":true,"cubes":[{"origin":[4,8,-0.25],"size":[16,2,2],"uv":[18,0]}]},{"name":"leg_L4","parent":"left_legs","pivot":[5,9,2],"mirror":true,"cubes":[{"origin":[4,8,1],"size":[16,2,2],"uv":[18,0]}]}]}}