{"format_version":"1.12.0","minecraft:geometry":[{"description":{"identifier":"geometry.strider_anim","texture_width":64,"texture_height":64,"visible_bounds_width":3,"visible_bounds_height":3.5,"visible_bounds_offset":[0,1.25,0]},"bones":[{"name":"root","pivot":[0,0,0]},{"name":"body","parent":"root","pivot":[0,18,0],"cubes":[{"origin":[-8,14,-8],"size":[16,14,16],"uv":[0,0]},{"origin":[-7.5,17.5,-7.85],"size":[3,3,0],"uv":[0,0]},{"origin":[4.5,17.5,-7.85],"size":[3,3,0],"uv":[0,5]}],"locators":{"lead":[0,15,-1]}},{"name":"bristle5","parent":"body","pivot":[8,19,0],"cubes":[{"origin":[8,19,-3],"size":[8,0,8],"pivot":[8,19,0],"rotation":[0,0,70],"uv":[40,52]}]},{"name":"bristle4","parent":"body","pivot":[8,24,0],"cubes":[{"origin":[8,24,-1],"size":[10,0,8],"pivot":[8,24,0],"rotation":[0,0,65],"uv":[36,44]}]},{"name":"bristle3","parent":"body","pivot":[8,28,0],"cubes":[{"origin":[8,28,-8],"size":[11,0,14],"pivot":[8,28,0],"rotation":[0,0,50],"uv":[28,30]}]},{"name":"bristle2","parent":"body","pivot":[-8,28,0],"cubes":[{"origin":[-19,28,-6],"size":[11,0,14],"pivot":[-8,28,0],"rotation":[0,0,-50],"uv":[28,30],"mirror":true}]},{"name":"bristle1","parent":"body","pivot":[-8,24,0],"cubes":[{"origin":[-18,24,-1],"size":[10,0,8],"pivot":[-8,24,0],"rotation":[0,0,-65],"uv":[36,44],"mirror":true}]},{"name":"bristle0","parent":"body","pivot":[-8,19,0],"cubes":[{"origin":[-16,19,-3],"size":[8,0,8],"pivot":[-8,19,0],"rotation":[0,0,-70],"uv":[40,52],"mirror":true}]},{"name":"left_eye","parent":"body","pivot":[5.5,18.5,-7.975],"cubes":[{"origin":[4.975,17.95,-7.975],"size":[1.05,1.1,0],"uv":[0,3]}]},{"name":"right_eye","parent":"body","pivot":[-5.5,18.5,-7.975],"cubes":[{"origin":[-6.025,17.95,-7.975],"size":[1.05,1.1,0],"uv":[0,3]}]},{"name":"eyelids","parent":"body","pivot":[0,20,-8],"cubes":[{"origin":[-7.05,19,-8],"size":[2.1,1.025,0],"uv":[0,10]},{"origin":[4.95,19,-8],"size":[2.1,1.025,0],"uv":[0,12]}]},{"name":"rightLeg","parent":"root","pivot":[-4,16,0],"cubes":[{"origin":[-6,0,-2],"size":[4,16,4],"uv":[0,30]}]},{"name":"leftLeg","parent":"root","pivot":[4,16,0],"cubes":[{"origin":[2,0,-2],"size":[4,16,4],"uv":[16,30]}]}]}]}