{"format_version":"1.12.0","minecraft:geometry":[{"description":{"identifier":"geometry.wolf_armur","texture_width":64,"texture_height":64},"bones":[{"name":"head","pivot":[0,10.5,-6.5],"cubes":[{"origin":[-3,7.5,-10.5],"size":[6,6,4],"inflate":0.2,"uv":[0,0]}]},{"name":"centroid","pivot":[0,10,0],"cubes":[{"origin":[-3,2.5,-3],"size":[6,9,6],"inflate":0.2,"uv":[18,14]}]},{"name":"upperBody","pivot":[0,14.5,0.5],"cubes":[{"origin":[-4,11.5,-3],"size":[8,6,7],"inflate":0.2,"uv":[21,0]}]},{"name":"leg0","pivot":[-1.5,8,5.5],"cubes":[{"origin":[-2.5,0,4.5],"size":[2,8,2],"inflate":0.2,"uv":[0,18]}]},{"name":"leg1","pivot":[1.5,8,5.5],"cubes":[{"origin":[0.5,0,4.5],"size":[2,8,2],"inflate":0.2,"uv":[0,18],"mirror":true}]},{"name":"leg2","pivot":[-1.5,8,-5.5],"cubes":[{"origin":[-2.5,0,-6.5],"size":[2,8,2],"inflate":0.2,"uv":[0,18]}]},{"name":"leg3","pivot":[1.5,8,-5.5],"cubes":[{"origin":[0.5,0,-6.5],"size":[2,8,2],"inflate":0.2,"uv":[0,18],"mirror":true}]}]}]}