{"format_version":"1.10.0","minecraft:client_entity":{"description":{"identifier":"minecraft:arrow","materials":{"default":"entity"},"textures":{"default":"textures/entity/projectile/arrow"},"geometry":{"default":"geometry.arrow_proj"},"animations":{"move":"animation.awwow.move","hit":"animation.awwow.hit","trail":"controller.animation.arrow_trail","flame":"controller.animation.arrow_flame","splash":"controller.animation.entity.water_splash"},"scripts":{"initialize":["variable.random_rot=Math.random_integer(0,1)*80-40;"],"pre_animation":["0;"],"animate":["move","trail","flame","splash"]},"particle_effects":{"trail":"act:arrow_trail","flame_0":"act:flama_0","flame_1":"act:flama_1","splash":"act:water_splash_tiny","impact":"act:water_impact_tiny","ripples":"act:water_ripples"},"render_controllers":["controller.render.awwow"]}}}