{"format_version":"1.10.0","minecraft:client_entity":{"description":{"identifier":"minecraft:chicken","min_engine_version":"1.12.0","materials":{"default":"entity"},"textures":{"default":"textures/entity/chimkin"},"geometry":{"default":"geometry.chicken_anim"},"animations":{"blink":"animation.step.blink_eye","idle":"animation.chicken_anim.idle","idle_0":"animation.chicken_anim.idle_0","idle_1":"animation.chicken_anim.idle_1","idle_2":"animation.chicken_anim.idle_2","idle_timer":"animation.idle_timer_short","move":"animation.chicken_anim.walk","run":"animation.chicken_anim.run","float":"animation.chicken_anim.float","plane":"animation.chicken_anim.plane","jump_timer":"animation.jump_timer","jump":"animation.chicken_anim.jump","fall":"animation.chicken_anim.fall","land":"animation.chicken_anim.land","vert_cap":"animation.chicken_anim.vertical_block","look_at_target":"animation.common.look_at_target","baby_transform":"animation.chicken.baby_transform","controller_always_on":"controller.animation.chimkin.always_on","controller_plane":"controller.animation.chimkin.plane","controller_fire":"controller.animation.entity.on_fire","controller_move":"controller.animation.chimkin.move","controller_idle":"controller.animation.chimkin.idle","controller_in_air":"controller.animation.in_air","controller_jump":"controller.animation.jump","controller_fall":"controller.animation.chimkin.flap","controller_land":"controller.animation.land"},"scripts":{"animate":["controller_always_on","controller_fire","controller_move","controller_idle","controller_in_air",{"baby_transform":"query.is_baby"}]},"particle_effects":{"fire":"act:on_fire_tiny","combust":"act:combust_tiny"},"render_controllers":["controller.render.entity_oh"],"spawn_egg":{"texture":"spawn_egg","texture_index":0}}}}