{"format_version":"1.10.0","minecraft:client_entity":{"description":{"identifier":"minecraft:cow","min_engine_version":"1.8.0","materials":{"default":"entity","head":"entity_alphatest_culling"},"textures":{"default":"textures/entity/cow/black"},"geometry":{"default":"geometry.cow_anim"},"animations":{"look_at_target":"animation.squint.target","body_rotate":"animation.quadruped.rotation","idle":"animation.quadruped.breathe","idle_2":"animation.cow_idle.anim_0","idle_1":"animation.cow_idle.anim_1","idle_0":"animation.cow_idle.anim_2","idle_timer":"animation.idle_timer","blink":"animation.blink.1","jump_timer":"animation.jump_timer","jump":"animation.quadruped.jump","fall":"animation.quadruped.fall","land":"animation.quadruped.land","run":"animation.quadruped.cow_run","walk":"animation.quadruped.cow_walk","float":"animation.quadruped.swim_big","baby_transform":"animation.cow.baby_transform","target_rotation":"controller.animation.quadruped_rotation","controller_in_air":"controller.animation.in_air","controller_jump":"controller.animation.quadruped_up","controller_fall":"controller.animation.quadruped_dn","controller_land":"controller.animation.quadruped_land","controller_move":"controller.animation.cow_movement","controller_idle":"controller.animation.entity.idle_peaceful","controller_fire":"controller.animation.entity.on_fire"},"scripts":{"animate":["idle","blink","controller_fire","controller_idle","controller_move","controller_in_air","look_at_target","target_rotation",{"baby_transform":"query.is_baby"}]},"particle_effects":{"dust":"act:dust_big","fire":"act:on_fire_quadruped","combust":"act:combust_humanoid_scale","impact":"act:water_impact_big","splash":"act:water_splash_big","ripples":"act:water_ripples"},"render_controllers":["controller.render.cow_anim"],"spawn_egg":{"texture":"spawn_egg","texture_index":1}}}}