{"format_version":"1.10.0","minecraft:client_entity":{"description":{"identifier":"minecraft:creeper","min_engine_version":"1.8.0","materials":{"default":"entity_emissive","charged":"charged_creeper"},"textures":{"default":"textures/entity/creeper/normal","lit_up":"textures/entity/creeper/lit_up","charged":"textures/entity/creeper/charged","lightning":"textures/entity/creeper/creeper_armor"},"geometry":{"default":"geometry.creeper_anim","charged":"geometry.creeper_charged_anim"},"spawn_egg":{"texture":"spawn_egg","texture_index":6},"scripts":{"initialize":["variable.target_yaw=0;"],"pre_animation":["variable.flash=Math.mod(Math.Round(query.swell_amount*15.0*query.swell_amount),2);","variable.body_rot=math.sin(query.body_y_rotation-variable.target_yaw)*90;"],"animate":["ct_walk","ct_in_air","creeper_head","bob","fire_particles","ct_rotate","ct_swell","ct_boom"]},"animations":{"rotate_right":"animation.creeper_anim.rotate_right","rotate_left":"animation.creeper_anim.rotate_left","creeper_head":"animation.anthro.target","walk":"animation.creeper_anim.walk","float":"animation.creeper_anim.swim","creeper_swelling":"animation.creeper_anim.swelling","vibrate":"animation.creeper_anim.vibrating","shake":"animation.skeleton.idle_anim_3","bob":"animation.creeper_anim.bob","jump_timer":"animation.jump_timer","jump":"animation.creeper_anim.jump","fall":"animation.creeper_anim.fall","land":"animation.creeper_anim.land","vert_cap":"animation.creeper_anim.vert_cap","controller_jump":"controller.animation.jump","controller_fall":"controller.animation.fall","controller_land":"controller.animation.land","ct_walk":"controller.animation.creeper.walk","ct_in_air":"controller.animation.in_air","ct_rotate":"controller.animation.entity.rotate","ct_swell":"controller.animation.creeper.swell","ct_boom":"controller.animation.creeper.boom","fire_particles":"controller.animation.entity.on_fire"},"particle_effects":{"dust":"act:dust_medium","fire":"act:on_fire_creeper","combust":"act:combust_humanoid","charging":"act:creeper_charge","explosion_0":"act:creeper_explosion_core","explosion_2":"act:creeper_explosion_rays","explosion_3":"act:creeper_explosion_dust","explosion_4":"act:creeper_explosion_roks","impact":"act:water_impact_mid","splash":"act:water_splash_mid","ripples":"act:water_ripples"},"render_controllers":["controller.render.creeper_anim","controller.render.creeper_armor_anim"]}}}