{"format_version":"1.8.0","minecraft:client_entity":{"description":{"identifier":"minecraft:dolphin","materials":{"default":"entity"},"textures":{"default":"textures/entity/dulfin"},"geometry":{"default":"geometry.dolphin_anim"},"animations":{"blink":"animation.step.blink_head","target":"animation.dolphin.target","idle":"animation.dolphin.idle","move":"animation.dolphin.swim"},"animation_controllers":[{"general":"controller.animation.dolphin.general"},{"water_particles":"controller.animation.entity.water_splash"},{"fire_particles":"controller.animation.entity.on_fire"}],"particle_effects":{"fire":"act:on_fire_small","combust":"act:combust_tiny","impact":"act:water_impact_mid","splash":"act:water_splash_mid","ripples":"act:water_ripples"},"render_controllers":["controller.render.dolphin"],"spawn_egg":{"texture":"spawn_egg","texture_index":49}}}}