{
  "format_version":"1.8.0",
  "minecraft:client_entity":{
    "description":{
      "identifier":"minecraft:enderman",
      "min_engine_version":"1.8.0",
      "materials":{"default":"entity","alpha":"entity_alphatest","emissive":"entity_emissive_alpha_one_sided"},
      "textures":{
	"default":"textures/entity/enderman/enderman_oh"
      },
      "geometry":{
	"default":"geometry.ender_anim"
      },
      "animations":{
	"look_at_target_default":"animation.ender.target",
	"base_pose":"animation.ender.base_pose",
	"teleport_pose":"animation.ender.teleport",
	"idle_0":"animation.ender.idle_anim_0",
	"idle_1":"animation.ender.idle_anim_1",
	"idle_timer":"animation.idle_timer",
	"bob":"animation.ender.bob",
	"blink":"animation.ender.blink",
	"walk":"animation.ender.walk",
	"run":"animation.ender.run",
	"attack.rotations":"animation.ender.attack",
	"attack.lock":"animation.anthro.attack_lock",
	"scary_face":"animation.ender.scary_face",
	"vert_cap":"animation.ender.vert_cap",
	"jump_timer":"animation.jump_timer",
	"jump":"animation.ender.jump",
	"fall":"animation.ender.fall",
	"land":"animation.ender.land"
      },
      "animation_controllers":[
	{"controller_idle":"controller.animation.entity.idle"},
	{"base_pose":"controller.animation.ender.base_pose"},
	{"move":"controller.animation.ender.walk"},
	{"scary_face":"controller.animation.ender.scary_face"},
	{"controller_attack":"controller.animation.entity.combat"},
	{"controller_land":"controller.animation.land"},
	{"controller_jump":"controller.animation.jump"},
	{"controller_fall":"controller.animation.fall"},
	{"teleport":"controller.animation.ender.teleport"}
      ],
      "particle_effects":{
	"fire":"act:on_fire_humanoid",
	"combust":"act:combust_humanoid",
	"dust":"act:dust_medium"
      },
      "render_controllers":["controller.render.enderman"],
      "enable_attachables":true,
      "spawn_egg":{
	"texture":"spawn_egg",
	"texture_index":7
      }
    }
  }
}