{"format_version":"1.10.0","minecraft:client_entity":{"description":{"identifier":"minecraft:skeleton_horse","min_engine_version":"1.17.10","materials":{"default":"entity_alphatest"},"textures":{"default":"textures/entity/horse2/horse_skeleton"},"geometry":{"default":"geometry.horse_anim"},"animations":{"look_at_player":"animation.horse_anim.target","lean_forward":"animation.horse_anim.lean_forward","rear_pos":"animation.horse_anim.rear_pos","rear":"animation.horse_anim.rear_rot","walk":"animation.horse_anim.walk","trot":"animation.horse_anim.trot","run":"animation.horse_anim.run","fly":"animation.horse_anim.fly","float":"animation.horse_anim.float","jump_timer":"animation.jump_timer","jump":"animation.horse_anim.jump","fall":"animation.horse_anim.fall","land":"animation.horse_anim.land","idle":"animation.horse_anim.idle","idle_timer":"animation.idle_timer_short","idle_0":"animation.horse_anim.idle_2","idle_1":"animation.horse_anim.idle_1","idle_2":"animation.horse_anim.idle_5","controller_idle":"controller.animation.entity.idle_peaceful","controller_ridden":"controller.animation.entity.ridden","controller_move":"controller.animation.horse_anim.move","controller_lean":"controller.animation.horse_anim.lean","controller_rear":"controller.animation.horse_anim.rear","controller_fire":"controller.animation.entity.on_fire","controller_land":"controller.animation.horse_anim.land","controller_fall":"controller.animation.quadruped_dn","controller_jump":"controller.animation.quadruped_up"},"scripts":{"pre_animation":["0;"],"scale":"1.1","animate":["look_at_player","idle","controller_land",{"controller_jump":"v.stand_anim==0"},{"controller_fall":"v.stand_anim==0"},"controller_ridden","controller_move","controller_lean","controller_idle","controller_rear","controller_fire"]},"particle_effects":{"dust":"act:dust_medium","dust_front":"act:gallop_dust_0","dust_back":"act:gallop_dust_1","fire":"act:on_fire_quadruped","combust":"act:combust_humanoid","impact":"act:water_impact_big","splash":"act:water_splash_big","ripples":"act:water_ripples"},"render_controllers":["controller.render.equine_skeleton"],"spawn_egg":{"texture":"spawn_egg","texture_index":32}}}}