{"format_version":"1.10.0","minecraft:client_entity":{"description":{"identifier":"minecraft:xp_orb","materials":{"default":"entity_emissive"},"textures":{"default":"textures/entity/xp_orb"},"geometry":{"default":"geometry.xp_orb_oh"},"animations":{"rotate":"animation.experience_orb.rotate","particles":"controller.animation.entity.particles","splash":"controller.animation.entity.water_splash"},"scripts":{"pre_animation":["0;"],"animate":["rotate","particles","splash"]},"particle_effects":{"particle_0":"act:xp","particle_1":"act:xp_orb_glow","particle_2":"act:xp_orb_beam","splash":"act:water_splash_tiny","impact":"act:water_impact_tiny","ripples":"act:water_ripples"},"render_controllers":["controller.render.xp_orb"]}}}