{"format_version":"1.10.0","minecraft:client_entity":{"description":{"identifier":"minecraft:pufferfish","min_engine_version":"1.8.0","materials":{"default":"entity_alphatest_culling","solid":"entity"},"textures":{"default":"textures/entity/fish/puff"},"geometry":{"small":"geometry.pufferfish_small","mid":"geometry.pufferfish_mid","big":"geometry.pufferfish_large"},"scripts":{"pre_animation":["0;"],"animate":["idle","pitch",{"swim":"math.clamp(q.modified_move_speed*2.5,0,1)"},"splash","controller_swell"]},"animations":{"splash":"controller.animation.entity.water_splash","swim":"animation.puff.move","idle":"animation.puff.idle","pitch":"animation.pitch_n_roll","swell_mid":"animation.puff.swell_mid","swell_big":"animation.puff.swell_big","deflate_mid":"animation.puff.deflate_mid","deflate_big":"animation.puff.deflate_big","controller_swell":"controller.animation.puff.swell"},"render_controllers":[{"controller.render.puff.small":"query.variant!=2"},{"controller.render.puff.medium":"1"},{"controller.render.puff.large":"query.variant!=0"}],"particle_effects":{"impact":"act:water_impact_small","splash":"act:water_splash_small","fire":"act:on_fire_tiny"},"spawn_egg":{"texture":"spawn_egg","texture_index":46}}}}