{"format_version":"1.10.0","minecraft:client_entity":{"description":{"identifier":"minecraft:tropicalfish","materials":{"default":"entity_multitexture_multiplicative_cull"},"geometry":{"typeA":"geometry.tfish_a","typeB":"geometry.tfish_b"},"textures":{"typeA":"textures/entity/fish/tropical_a","typeB":"textures/entity/fish/tropical_b","aPattern1":"textures/entity/fish/tropical_a_pattern_1","aPattern2":"textures/entity/fish/tropical_a_pattern_2","aPattern3":"textures/entity/fish/tropical_a_pattern_3","aPattern4":"textures/entity/fish/tropical_a_pattern_4","aPattern5":"textures/entity/fish/tropical_a_pattern_5","aPattern6":"textures/entity/fish/tropical_a_pattern_6","bPattern1":"textures/entity/fish/tropical_b_pattern_1","bPattern2":"textures/entity/fish/tropical_b_pattern_2","bPattern3":"textures/entity/fish/tropical_b_pattern_3","bPattern4":"textures/entity/fish/tropical_b_pattern_4","bPattern5":"textures/entity/fish/tropical_b_pattern_5","bPattern6":"textures/entity/fish/tropical_b_pattern_6"},"scripts":{"pre_animation":["variable.ZRot=!query.is_in_water?Math.cos((query.time_stamp+query.frame_alpha)*0.25)*90:0.0;","variable.AnimationAmountBlend=Math.lerp(variable.AnimationAmountPrev,variable.AnimationAmount,query.frame_alpha);","variable.roll=q.modified_move_speed*q.target_y_rotation;"],"animate":["idle","flap","pitch",{"flop":"!q.is_in_water"},{"swim":"math.clamp(q.modified_move_speed*2.5,0,1)"},"splash"]},"animations":{"flop":"animation.tropicalfish.flop","flap":"animation.flap_y","swim":"animation.tropical.move","idle":"animation.tropical.idle","pitch":"animation.pitch_n_roll","splash":"controller.animation.entity.water_splash"},"particle_effects":{"impact":"act:water_impact_tiny","splash":"act:water_splash_tiny","ripples":"act:water_ripples"},"render_controllers":["controller.render.tropicalfish"],"spawn_egg":{"texture":"spawn_egg","texture_index":44}}}}