{"format_version":"1.10.0","minecraft:client_entity":{"description":{"identifier":"minecraft:salmon","materials":{"default":"entity_alphatest","solid":"entity"},"textures":{"default":"textures/entity/fish/salmon"},"geometry":{"default":"geometry.salmon_anim"},"scripts":{"pre_animation":["variable.ZRot=!query.is_in_water?Math.cos((query.time_stamp+query.frame_alpha)*14.32)*90:0.0;","variable.AnimationAmountBlend=Math.lerp(variable.AnimationAmountPrev,variable.AnimationAmount,query.frame_alpha);","variable.roll=q.modified_move_speed*q.target_y_rotation;"],"animate":["idle","flap","pitch",{"flop":"!q.is_in_water"},{"swim":"math.clamp(q.modified_move_speed*3,0,1)"},"splash"]},"animations":{"flop":"animation.cod.flop","flap":"animation.flap_z","swim":"animation.salmon.move","idle":"animation.salmon.idle","pitch":"animation.pitch_n_roll","splash":"controller.animation.entity.water_splash"},"particle_effects":{"splash":"act:water_splash_mid","impact":"act:water_impact_mid","ripples":"act:water_ripples"},"render_controllers":["controller.render.salmon_anim"],"spawn_egg":{"texture":"spawn_egg","texture_index":47}}}}