{"format_version":"1.10.0","minecraft:client_entity":{"description":{"identifier":"minecraft:fox","materials":{"default":"entity_alphatest_culling"},"textures":{"red":"textures/entity/fox/red","arctic":"textures/entity/fox/white"},"geometry":{"default":"geometry.fox_anim"},"animations":{"walk":"animation.quadruped.fox_walk","swim":"animation.wolf_anim.swim","run":"animation.wolf_anim.run","idle_0":"animation.wolf_anim.idle_anim_1","idle_1":"animation.pig_idle.anim_1","idle_2":"animation.wolf_anim.idle_anim_2","idle_timer":"animation.idle_timer","sleep":"animation.fox_anim.sleep","wake_up":"animation.fox_anim.wake_up","sit":"animation.fox_anim.sit","stand_up":"animation.fox_anim.stand_up","look_at_target":"animation.squint.target","baby_transform":"animation.fox_anim.baby","crouch":"animation.fox_anim.has_target","setup":"animation.fox_anim.idle_bob","pounce":"animation.fox_anim.pounce","move":"controller.animation.fox_oh.move","jump_timer":"animation.jump_timer","jump":"animation.quadruped.jump","fall":"animation.quadruped.fall","land":"animation.cat_anim.land","controller_in_air":"controller.animation.in_air","controller_jump":"controller.animation.quadruped_up","controller_fall":"controller.animation.quadruped_dn","controller_land":"controller.animation.quadruped_land","controller_fire":"controller.animation.entity.on_fire","controller_sitting":"controller.animation.fox_oh.sit","controller_aggro":"controller.animation.fox_oh.aggro","controller_sleep":"controller.animation.fox_oh.sleep","controller_idle":"controller.animation.entity.idle_peaceful"},"scripts":{"animate":[{"baby_transform":"query.is_baby"},"move","controller_fire","controller_in_air","controller_aggro","controller_sitting","controller_sleep"]},"particle_effects":{"sleeping":"act:sleep","fire":"act:on_fire_small","combust":"act:combust_tiny","splash":"act:water_splash_mid","impact":"act:water_impact_mid","ripples":"act:water_ripples"},"render_controllers":["controller.render.fox_oh"],"spawn_egg":{"texture":"spawn_egg","texture_index":55}}}}