{"format_version":"1.10.0","minecraft:client_entity":{"description":{"identifier":"minecraft:frog","materials":{"default":"frog"},"textures":{"temperate":"textures/entity/frog/temperate_frog","cold":"textures/entity/frog/cold_frog","warm":"textures/entity/frog/warm_frog"},"geometry":{"default":"geometry.frog_anim"},"scripts":{"initialize":["variable.target_yaw=0;"],"pre_animation":["variable.moving=query.ground_speed>0;","variable.body_rot=math.sin(query.body_y_rotation-variable.target_yaw)*90;"],"animate":["controller_general","controller_in_air","controller_croak","controller_eat","controller_blink","particles","look_at_target","controller_rotate"]},"animations":{"blink_a":"animation.frog_anim.blink_a","blink_b":"animation.frog_anim.blink_b","rotate_right":"animation.frog_anim.rotate_right","rotate_left":"animation.frog_anim.rotate_left","croak":"animation.frog.croak","jump_timer":"animation.jump_timer","jump":"animation.frog_anim.jump","fall":"animation.frog_anim.fall","land":"animation.frog_anim.land","tongue":"animation.frog_anim.tongue","walk":"animation.frog_anim.walk","swim":"animation.frog.swim","idle":"animation.frog_anim.idle","idle_water":"animation.frog_anim.idle_water","look_at_target":"animation.frog_anim.target","particles":"controller.animation.frog.particles","controller_rotate":"controller.animation.entity.rotate","controller_general":"controller.animation.frog.base","controller_blink":"controller.animation.frog.blink","controller_croak":"controller.animation.frog.croaking","controller_swim":"controller.animation.frog.swim","controller_eat":"controller.animation.frog.eat_mob","controller_jump":"controller.animation.jump","controller_fall":"controller.animation.fall","controller_land":"controller.animation.quadruped_land","controller_in_air":"controller.animation.in_air"},"particle_effects":{"mysterious_glowy_bug":"act:swamplight","impact":"act:water_impact_small","splash":"act:water_splash_small","ripples":"act:water_ripples"},"render_controllers":["controller.render.frog"],"spawn_egg":{"base_color":"#d07444","overlay_color":"#ffc77c"}}}}