{"format_version":"1.8.0","minecraft:client_entity":{"description":{"identifier":"minecraft:hoglin","materials":{"default":"entity_alphatest_one_sided","eyes":"entity_emissive_alpha_one_sided"},"textures":{"default":"textures/entity/hoglin/hog"},"geometry":{"default":"geometry.hoglin_anim"},"scripts":{"pre_animation":["0;"]},"animations":{"blink":"animation.motion.blink","attack":"animation.hoglin.ariete","walk":"animation.hoglin.adult.walk","walk_baby":"animation.hoglin.baby.walk","run":"animation.hoglin.adult.run","run_baby":"animation.hoglin.baby.run","look_at_target":"animation.local_space.target","jump_timer":"animation.jump_timer","jump":"animation.hoglin.jump","fall":"animation.hoglin.fall","land":"animation.hoglin.land","idle":"animation.hoglin.adult.idle","idle_baby":"animation.hoglin.baby.idle","idle_timer":"animation.idle_timer","idle_0":"animation.hoglin.idle_anim_0","idle_1":"animation.hoglin.idle_anim_1","idle_2":"animation.hoglin.idle_anim_2","body_rotate":"animation.hoglin.rotation","move_adult":"controller.animation.hoglin_adult.movement","move_baby":"controller.animation.hoglin_baby.movement","controller_jump":"controller.animation.quadruped_up","controller_fall":"controller.animation.quadruped_dn","controller_land":"controller.animation.quadruped_land","hoglin_baby_scaling":"animation.hoglin.baby"},"animation_controllers":[{"base":"controller.animation.hoglin.base"},{"attack":"controller.animation.entity.attack"},{"idle":"controller.animation.entity.idle_hostile"},{"controller_rotation":"controller.animation.quadruped_rotation"},{"controller_in_air":"controller.animation.in_air"},{"controller_fire":"controller.animation.entity.on_fire"}],"particle_effects":{"dust":"act:dust_big","fire":"act:on_fire_quadruped","combust":"act:combust_humanoid_scale","impact":"act:water_impact_mid","splash":"act:water_splash_mid","ripples":"act:water_ripples"},"render_controllers":["controller.render.piglin_anim"],"spawn_egg":{"base_color":"#C66E55","overlay_color":"#5f6464"}}}}