{"format_version":"1.10.0","minecraft:client_entity":{"description":{"identifier":"minecraft:pillager","materials":{"default":"entity_alphatest_culling","jacket":"entity_alphatest"},"textures":{"default":"textures/entity/illager/pillager_anim"},"geometry":{"default":"geometry.illager_0"},"spawn_egg":{"texture":"spawn_egg","texture_index":56},"scripts":{"pre_animation":["0;"],"animate":["controller_on_fire","controller_base"]},"animations":{"look_at_target_default":"animation.pillager.target","float":"animation.villager.floating","walk":"animation.illager.run_crossbow","run":"animation.illager.run_crossbow","riding.legs":"animation.anthro.riding_legs","blink":"animation.blink.0","bob":"animation.illager.bob","jump_timer":"animation.jump_timer","jump":"animation.illager.jump","fall":"animation.illager.fall","land":"animation.anthro.land_mob","vert_cap":"animation.pillager.vertical_block","mad":"animation.illager.mad","die_anim":"animation.anthro.death_2","die_rot":"animation.anthro.death_rot_1","crossbow_idle":"animation.combat.hold_crossbow_normal","crossbow_hold":"animation.combat.hold_crossbow","crossbow_load":"animation.combat.load_crossbow","crossbow_fire":"animation.combat.fire_crossbow","controller_on_fire":"controller.animation.entity.on_fire","controller_crossbow":"controller.animation.crossbow_anim","controller_angry":"controller.animation.illager.angry","controller_move":"controller.animation.illager.move","controller_jump":"controller.animation.jump","controller_fall":"controller.animation.fall","controller_land":"controller.animation.land","controller_base":"controller.animation.pillager.base"},"particle_effects":{"fire":"act:on_fire_humanoid","combust":"act:combust_humanoid","dust":"act:dust_medium","dust_right":"act:running_dust_0","dust_left":"act:running_dust_1","impact":"act:water_impact_mid","splash":"act:water_splash_mid","ripples":"act:water_ripples"},"render_controllers":["controller.render.illager_oh"],"enable_attachables":true,"hide_armor":true}}}