{"format_version":"1.10.0","minecraft:client_entity":{"description":{"identifier":"minecraft:vindicator","min_engine_version":"1.8.0","materials":{"default":"entity_alphatest_culling","jacket":"entity_alphatest"},"textures":{"default":"textures/entity/illager/vindicator_anim"},"geometry":{"default":"geometry.illager_1"},"spawn_egg":{"texture":"spawn_egg","texture_index":39},"scripts":{"scale":"0.9375","animate":["controller_attack","controller_base","blink"]},"animations":{"look_at_target_default":"animation.humanoid.target","riding.legs":"animation.humanoid.riding.legs","hide_weapon":"animation.illager.hide_weapon","pose":"animation.illager.still_pose","idle":"animation.illager.base","blink":"animation.blink.0","aggro":"animation.anthro.aggro_1","attack":"animation.anthro.swing_test","calm":"animation.anthro.calm_1","jump_timer":"animation.jump_timer","jump":"animation.illager.jump","fall":"animation.illager.fall","land":"animation.anthro.land_mob","vert_cap":"animation.villager.vertical_block","float":"animation.anthro.floating","walk":"animation.illager.run_normal","run":"animation.illager.run_melee","mad":"animation.illager.mad","die_anim":"animation.anthro.death_1","die_rot":"animation.anthro.death_rot_1","controller_base":"controller.animation.vindicator.base","controller_move":"controller.animation.illager.move","controller_fire":"controller.animation.entity.on_fire","controller_pose":"controller.animation.entity.pose","controller_attack":"controller.animation.entity.attack","controller_angry":"controller.animation.illager.angry","controller_jump":"controller.animation.jump","controller_fall":"controller.animation.fall","controller_land":"controller.animation.land","controller_idle":"controller.animation.vindicator.idle"},"particle_effects":{"fire":"act:on_fire_humanoid","combust":"act:combust_humanoid","dust":"act:dust_medium","dust_right":"act:running_dust_0","dust_left":"act:running_dust_1","impact":"act:water_impact_mid","splash":"act:water_splash_mid","ripples":"act:water_ripples"},"render_controllers":["controller.render.illager_oh"],"enable_attachables":true,"hide_armor":true}}}