{"format_version":"1.10.0","minecraft:client_entity":{"description":{"identifier":"minecraft:iron_golem","materials":{"default":"entity_base_culling"},"textures":{"default":"textures/entity/iron_golem","cracked_high":"textures/entity/iron_golem/cracked_high","cracked_med":"textures/entity/iron_golem/cracked_medium","cracked_low":"textures/entity/iron_golem/cracked_low","cracked_none":"textures/entity/iron_golem/cracked_none"},"geometry":{"default":"geometry.iron_golem_anim"},"scripts":{"pre_animation":["0;"],"animate":["ct_move","ct_in_air","target","ct_idle","ct_actions",{"low_health":"q.health<=25"},"ct_rot","ct_splash","ct_on_fire"]},"animations":{"target":"animation.horizontal.target","attack_right":"animation.golem_anim.attack_right","attack_left":"animation.golem_anim.attack_left","attack_timer":"animation.combat.attack_timer","flower":"animation.iron_golem.flower","rotation":"animation.golem_anim.rotation","bob_normal":"animation.golem_anim.bob_normal","bob_moving":"animation.golem_anim.bob_moving","bob_aggro":"animation.golem_anim.bob_aggro","low_health":"animation.golem_anim.weakened","walk_slow":"animation.golem_anim.walk_slow","walk_fast":"animation.golem_anim.walk_fast","jump_timer":"animation.jump_timer","jump":"animation.golem_anim.jump","fall":"animation.golem_anim.fall","land":"animation.golem_anim.land","vert_cap":"animation.golem_anim.vertical_cap","ct_idle":"controller.animation.golem_anim.idle","ct_rot":"controller.animation.golem_anim.rotation","ct_move":"controller.animation.golem_anim.movement","ct_splash":"controller.animation.entity.water_splash","ct_on_fire":"controller.animation.entity.on_fire","ct_actions":"controller.animation.golem_anim.actions","ct_in_air":"controller.animation.in_air","controller_jump":"controller.animation.jump","controller_fall":"controller.animation.fall","controller_land":"controller.animation.land"},"particle_effects":{"ripples":"act:water_ripples","impact":"act:water_impact_large","splash":"act:water_splash_large","fire":"act:on_fire_golem","combust":"act:combust_golem","left_step":"act:golem_step_left","right_step":"act:golem_step_right","dust":"act:dust_bigger"},"render_controllers":["controller.render.iron_golem_anim","controller.render.iron_golem_cracks"]}}}