{"format_version":"1.8.0","minecraft:client_entity":{"description":{"identifier":"minecraft:mooshroom","min_engine_version":"1.8.0","materials":{"default":"mooshroom"},"textures":{"default":"textures/entity/cow/red","brown":"textures/entity/cow/brown"},"geometry":{"default":"geometry.moosh"},"animations":{"look_at_target":"animation.local_space.target","body_rotate":"animation.quadruped.rotation","idle":"animation.quadruped.breathe","idle_2":"animation.cow_idle.anim_0","idle_1":"animation.cow_idle.anim_1","idle_0":"animation.cow_idle.anim_2","idle_timer":"animation.idle_timer","jump_timer":"animation.jump_timer","jump":"animation.quadruped.jump","fall":"animation.quadruped.fall","land":"animation.quadruped.land","run":"animation.quadruped.cow_run","walk":"animation.quadruped.cow_walk","float":"animation.quadruped.swim_big","controller_jump":"controller.animation.quadruped_up","controller_fall":"controller.animation.quadruped_dn","controller_land":"controller.animation.quadruped_land","baby_transform":"animation.mooshroom.baby_transform"},"animation_controllers":[{"idle":"controller.animation.quadruped_idle"},{"controller_fire":"controller.animation.entity.on_fire"},{"controller_idle":"controller.animation.entity.idle_peaceful"},{"controller_in_air":"controller.animation.in_air"},{"move":"controller.animation.quadruped_movement"},{"target_rotation":"controller.animation.quadruped_rotation"},{"baby":"controller.animation.mooshroom.baby"}],"particle_effects":{"dust":"act:dust_big","fire":"act:on_fire_quadruped","combust":"act:combust_humanoid_scale","impact":"act:water_impact_big","splash":"act:water_splash_big","ripples":"act:water_ripples"},"render_controllers":["controller.render.mooshroom_anim"],"spawn_egg":{"texture":"spawn_egg","texture_index":5}}}}