{"format_version":"1.10.0","minecraft:client_entity":{"description":{"identifier":"minecraft:piglin_brute","materials":{"default":"entity_alphatest_culling","eyes":"entity_emissive_alpha_one_sided"},"textures":{"default":"textures/entity/piglin/brute"},"geometry":{"default":"geometry.piglin_anim"},"scripts":{"pre_animation":["0;"],"animate":["idle","controller_move","controller_pose","controller_in_air","controller_attack","controller_idle","target","blink"]},"animations":{"controller_move":"controller.animation.piglin.move","controller_pose":"controller.animation.piglin_brute.pose","controller_idle":"controller.animation.entity.idle_hostile","blink":"animation.step.blink_eye","target":"animation.anthro.target","idle_timer":"animation.idle_timer_short","idle_0":"animation.piglin.idle_anim_0","idle_1":"animation.piglin.idle_anim_1","idle_2":"animation.piglin.idle_anim_2","idle":"animation.piglin.idle_melee","idle_pose":"animation.piglin.pose","walk":"animation.piglin.walk","sprint":"animation.piglin.sprint_1","jump_timer":"animation.jump_timer","jump":"animation.piglin.jump","fall":"animation.piglin.fall","land":"animation.piglin.land_1","vert_cap":"animation.piglin.vertical_cap_1","controller_in_air":"controller.animation.in_air","controller_jump":"controller.animation.jump","controller_fall":"controller.animation.fall","controller_land":"controller.animation.land","controller_attack":"controller.animation.piglin_brute.melee","swing_timer":"animation.combat.attack_timer","hand_attack":"animation.combat.tool_1","melee_attack":"animation.anthro.attack_lock","hold_weapon":"animation.piglin.hold_axe"},"particle_effects":{"shiny":"act:shiny","fire":"act:on_fire_humanoid_scale","combust":"act:combust_humanoid_scale","dust_right":"act:running_dust_0","dust_left":"act:running_dust_1","dust":"act:dust_medium"},"render_controllers":["controller.render.piglin_anim"],"enable_attachables":true,"spawn_egg":{"base_color":"#592A10","overlay_color":"#F9F3A4"}}}}