{"format_version":"1.10.0","minecraft:client_entity":{"description":{"identifier":"minecraft:piglin","materials":{"default":"entity_alphatest_culling","eyes":"entity_emissive_alpha_one_sided"},"textures":{"default":"textures/entity/piglin/piglin_oh"},"geometry":{"default":"geometry.piglin_anim"},"scripts":{"pre_animation":["0;"],"animate":["controller_base","controller_gold","controller_idle","controller_fire","blink"]},"animations":{"controller_base":"controller.animation.piglin.anim","controller_pose":"controller.animation.piglin.pose","controller_gold":"controller.animation.piglin.barter","controller_fire":"controller.animation.entity.on_fire","controller_idle":"controller.animation.entity.idle_hostile","humanoid_big_head":"animation.piglin.big_head","admire":"animation.piglin.admire","blink":"animation.step.blink_eye","target_1":"animation.anthro.target","target_0":"animation.local_space.target","idle_timer":"animation.idle_timer_short","idle_0":"animation.piglin.idle_anim_0","idle_1":"animation.piglin.idle_anim_1","idle_2":"animation.piglin.idle_anim_2","idle_range":"animation.piglin.idle_range","idle_melee":"animation.piglin.idle_melee","idle_baby":"animation.piglin.idle_baby","idle_pose":"animation.piglin.pose","walk":"animation.piglin.walk","run_0":"animation.piglin.run_0","run_1":"animation.piglin.run_1","run_baby":"animation.piglin.run_baby","sprint_0":"animation.piglin.sprint_0","sprint_1":"animation.piglin.sprint_1","sprint_baby":"animation.piglin.sprint_baby","controller_move_0":"controller.animation.piglin.move_0","controller_move_1":"controller.animation.piglin.move_1","controller_move_baby":"controller.animation.piglin.move_baby","jump_timer":"animation.jump_timer","jump":"animation.piglin.jump","fall":"animation.piglin.fall","land":"animation.piglin.land_0","land_1":"animation.piglin.land_1","vert_cap":"animation.piglin.vertical_cap","vert_cap_1":"animation.piglin.vertical_cap_1","controller_jump":"controller.animation.jump","controller_fall":"controller.animation.fall","controller_land_0":"controller.animation.land","controller_land_1":"controller.animation.land_1","controller_attack_range":"controller.animation.crossbow_anim","controller_attack_melee":"controller.animation.piglin.melee","crossbow_idle":"animation.combat.hold_crossbow_normal","crossbow_hold":"animation.combat.hold_crossbow","crossbow_load":"animation.combat.load_crossbow","crossbow_fire":"animation.combat.fire_crossbow","crossbow_lock":"animation.combat.lock_crossbow","swing_timer":"animation.combat.attack_timer","attack_0":"animation.combat.sword_swing_0","attack_1":"animation.combat.sword_swing_1","hand_attack":"animation.actor.action","melee_attack":"animation.anthro.attack_lock","hold_weapon":"animation.piglin.hold_sword","riding.legs":"animation.anthro.riding_legs"},"particle_effects":{"shiny":"act:shiny","fire":"act:on_fire_humanoid_scale","combust":"act:combust_humanoid_scale","dust_right":"act:running_dust_0","dust_left":"act:running_dust_1","dust":"act:dust_medium","impact":"act:water_impact_mid","splash":"act:water_splash_mid","ripples":"act:water_ripples"},"render_controllers":["controller.render.piglin_anim"],"enable_attachables":true,"spawn_egg":{"base_color":"#995f40","overlay_color":"#f9f3a4"}}}}