{"format_version":"1.10.0","minecraft:client_entity":{"description":{"identifier":"minecraft:splash_potion","materials":{"default":"entity","bottle":"entity_alphablend"},"textures":{"moveSlowdown":"textures/entity/potion/slow","moveSpeed":"textures/entity/potion/speed","digSlowdown":"textures/entity/potion/unknown","digSpeed":"textures/entity/potion/unknown","damageBoost":"textures/entity/potion/strength","heal":"textures/entity/potion/splishysplash","harm":"textures/entity/potion/harm","jump":"textures/entity/potion/jump","confusion":"textures/entity/potion/unknown","regeneration":"textures/entity/potion/regen","resistance":"textures/entity/potion/unknown","fireResistance":"textures/entity/potion/fire","waterBreathing":"textures/entity/potion/apnea","invisibility":"textures/entity/potion/invis","blindness":"textures/entity/potion/unknown","nightVision":"textures/entity/potion/vision","hunger":"textures/entity/potion/unknown","weakness":"textures/entity/potion/weakness","poison":"textures/entity/potion/poison","wither":"textures/entity/potion/wither","healthBoost":"textures/entity/potion/unknown","absorption":"textures/entity/potion/unknown","saturation":"textures/entity/potion/unknown","levitation":"textures/entity/potion/unknown","turtleMaster":"textures/entity/potion/turtle","slowFall":"textures/entity/potion/slowfall","default":"textures/entity/potion/water"},"geometry":{"default":"geometry.splashy"},"render_controllers":["controller.render.splash_potion_anim"],"animations":{"flying":"animation.projectile.bottle","splash":"controller.animation.entity.water_splash"},"scripts":{"animate":["flying","splash"]},"particle_effects":{"impact":"act:water_impact_tiny","splash":"act:water_splash_tiny","ripples":"act:water_ripples"}}}}