{"format_version":"1.10.0","minecraft:client_entity":{"description":{"identifier":"minecraft:snowball","materials":{"default":"entity"},"textures":{"default":"textures/entity/projectile/snowcube"},"geometry":{"default":"geometry.snowball_oh"},"render_controllers":["controller.render.entity_oh"],"animations":{"flying":"animation.projectile.snowball","splash":"controller.animation.entity.water_splash"},"scripts":{"initialize":["variable.rotate=math.random_integer(0,11)*30;"],"animate":["flying","splash"]},"particle_effects":{"impact":"act:water_impact_tiny","splash":"act:water_splash_tiny","ripples":"act:water_ripples"}}}}