{"format_version":"1.10.0","minecraft:client_entity":{"description":{"identifier":"minecraft:fireball","materials":{"default":"entity_emissive"},"textures":{"default":"textures/entity/projectile/fireball"},"geometry":{"default":"geometry.fireball_oh"},"animations":{"flying":"animation.projectile.fireball","particles":"controller.animation.fireball_flame"},"scripts":{"animate":["particles","flying"]},"particle_effects":{"fire":"act:fireball_trail"},"render_controllers":["controller.render.fireball_anim"]}}}