{"format_version":"1.10.0","minecraft:client_entity":{"description":{"identifier":"minecraft:shulker","min_engine_version":"1.8.0","materials":{"default":"entity_alphatest_one_sided"},"textures":{"undyed":"textures/entity/shulker/undyed","white":"textures/entity/shulker/white","orange":"textures/entity/shulker/orange","magenta":"textures/entity/shulker/magenta","light_blue":"textures/entity/shulker/light_blue","yellow":"textures/entity/shulker/yellow","lime":"textures/entity/shulker/lime","pink":"textures/entity/shulker/pink","gray":"textures/entity/shulker/gray","silver":"textures/entity/shulker/silver","cyan":"textures/entity/shulker/cyan","purple":"textures/entity/shulker/purple","blue":"textures/entity/shulker/blue","brown":"textures/entity/shulker/brown","green":"textures/entity/shulker/green","red":"textures/entity/shulker/red","black":"textures/entity/shulker/black"},"geometry":{"default":"geometry.shulker_anim"},"scripts":{"initialize":["variable.relative_health=0;"],"pre_animation":["variable.Shulker.UpFacing=variable.Shulker.FacingDirection==1;","variable.Shulker.NorthFacing=variable.Shulker.FacingDirection==2;","variable.Shulker.SouthFacing=variable.Shulker.FacingDirection==3;","variable.Shulker.WestFacing=variable.Shulker.FacingDirection==4;","variable.Shulker.EastFacing=variable.Shulker.FacingDirection==5;","variable.Shulker.XPreRotation=variable.Shulker.UpFacing*180+variable.Shulker.NorthFacing*90-variable.Shulker.SouthFacing*90;","variable.Shulker.ZPreRotation=variable.Shulker.NorthFacing*180+variable.Shulker.WestFacing*90-variable.Shulker.EastFacing*90;","variable.Shulker.XOffset=-variable.Shulker.WestFacing*7.99+variable.Shulker.EastFacing*7.99;","variable.Shulker.YOffset=variable.Shulker.UpFacing*16+variable.Shulker.NorthFacing*7.99+variable.Shulker.SouthFacing*7.99+variable.Shulker.WestFacing*7.99+variable.Shulker.EastFacing*7.99;","variable.Shulker.ZOffset=variable.Shulker.NorthFacing*7.99-variable.Shulker.SouthFacing*7.99;","variable.pos_cam=q.rotation_to_camera(1)>0?360;"],"animate":["controller_lid","controller_facing","controller_target","controller_hurt","controller_base","controller_peak","hurt","teleport"]},"animations":{"blink":"animation.blink.1","base_pose":"animation.shulker.base_pose","teleport_pose":"animation.shulker.teleport","hurt":"animation.shulker.hurt","peak":"animation.shulker.peak","close":"animation.shulker.close","lid_open":"animation.shulker.lid_open","lid_close":"animation.shulker.lid_close","facing":"animation.shulker.facing","move":"animation.shulker.move","look_at_target":"animation.horizontal.target","look_at_camera":"animation.shulker.target","controller_lid":"controller.animation.shulker.lid","controller_facing":"controller.animation.shulker.facing","controller_target":"controller.animation.shulker.target","controller_base":"controller.animation.shulker.base","controller_peak":"controller.animation.shulker.peak","controller_hurt":"controller.animation.entity.hurt","teleport":"controller.animation.ender.teleport"},"particle_effects":{"hurt":"act:hurt_1b"},"render_controllers":["controller.render.shulker_anim"],"spawn_egg":{"texture":"spawn_egg","texture_index":34}}}}