{"format_version":"1.8.0","minecraft:client_entity":{"description":{"identifier":"minecraft:sniffer","materials":{"default":"entity_alphatest_culling","ears":"entity_alphatest"},"textures":{"default":"textures/entity/sniffer/0"},"geometry":{"default":"geometry.sniffer_anim","baby":"geometry.snifflet_anim"},"scripts":{"pre_animation":["0;"]},"animations":{"baby_transform":"animation.sniffer_anim.baby","idle_timer":"animation.idle_timer_short","idle_0":"animation.sniffer_anim.sniffsniff","idle_1":"animation.sniffer_anim.long_sniff","idle_2":"animation.sniffer_anim.shake_bush","idle":"animation.sniffer_anim.idle","walk":"animation.sniffer_anim.move","float":"animation.sniffer_anim.swim","look_at_target":"animation.common.look_at_target","search":"animation.sniffer_anim.search","feeling_happy":"animation.sniffer_anim.feel_happy","dig":"animation.sniffer_anim.dig","stand_up":"animation.sniffer_anim.stand_up","jump_timer":"animation.jump_timer","jump":"animation.sniffer_anim.jump","fall":"animation.sniffer_anim.fall","land":"animation.sniffer_anim.land","controller_jump":"controller.animation.quadruped_up","controller_fall":"controller.animation.quadruped_dn","controller_land":"controller.animation.quadruped_land","controller_idle":"controller.animation.sniffer_anim.idle"},"animation_controllers":[{"base":"controller.animation.sniffer_anim.base"},{"baby":"controller.animation.sniffer_anim.baby"},{"walk":"controller.animation.sniffer_anim.walk"},{"sniff":"controller.animation.sniffer_anim.sniff"},{"controller_in_air":"controller.animation.in_air"},{"fire_particles":"controller.animation.entity.on_fire"}],"render_controllers":["controller.render.sniffer_anim"],"spawn_egg":{"base_color":"#871E09","overlay_color":"#25AB70"},"particle_effects":{"dust":"act:dust_sniffer_scale","fire":"act:on_fire_large","combust":"act:combust_large","impact":"act:water_impact_huge_scale","splash":"act:water_splash_huge_scale","ripples":"act:water_ripples_big"},"sound_effects":{"drop_seed":"mob.sniffer.drop_seed","sniffsniff":"mob.sniffer.sniffsniff","searching":"mob.sniffer.searching","long_sniff":"mob.sniffer.long_sniff","digging":"mob.sniffer.digging","stand_up":"mob.sniffer.stand_up","happy":"mob.sniffer.happy"}}}}