{"format_version":"1.10.0","minecraft:client_entity":{"description":{"identifier":"minecraft:spider","min_engine_version":"1.8.0","materials":{"default":"entity","eyes":"entity_emissive","invisible":"spider_invisible"},"textures":{"default":"textures/entity/spider/0"},"geometry":{"default":"geometry.spider_anim"},"scripts":{"initialize":["variable.scale=1;"],"animate":["controller_alive","controller_jump","controller_walk","controller_fire","controller_rest","controller_climb"]},"animations":{"default_leg_pose":"animation.spider_anim.bob","look_at_target":"animation.spider_anim.target","idle_timer":"animation.idle_timer_short","rotate":"animation.spider_anim.rotate","climb":"animation.spider_anim.climb","angry":"animation.spider_anim.angry","stand":"animation.spider_anim.stand","rest":"animation.spider_anim.rest","walk":"animation.spider_anim.walk","jump":"animation.spider_anim.jump","fall":"animation.spider_anim.fall","land":"animation.spider_anim.land","jump_timer":"animation.jump_timer","die_rot":"animation.spider_anim.death_rot","die_anim":"animation.spider_anim.death","controller_jump":"controller.animation.quadruped_up","controller_fall":"controller.animation.quadruped_dn","controller_land":"controller.animation.quadruped_land","controller_fire":"controller.animation.entity.on_fire","controller_climb":"controller.animation.spider.climb","controller_angry":"controller.animation.spider.angry","controller_alive":"controller.animation.spider.alive","controller_walk":"controller.animation.spider.walk","controller_rest":"controller.animation.spider.rest"},"particle_effects":{"fire":"act:on_fire_spider","combust":"act:combust_spider","impact":"act:water_impact_wide","splash":"act:water_splash_wide","ripples":"act:water_ripples","dust":"act:dust_big"},"render_controllers":["controller.render.spider_anim"],"spawn_egg":{"texture":"spawn_egg","texture_index":11}}}}