{"format_version":"1.10.0","minecraft:client_entity":{"description":{"identifier":"minecraft:vex","min_engine_version":"1.8.0","materials":{"default":"entity","alpha":"entity_alphatest","glow":"entity_emissive_alpha_one_sided"},"textures":{"default":"textures/entity/vex/0","charging":"textures/entity/vex/1","spawn":"textures/entity/vex/spawn"},"geometry":{"default":"geometry.pixie","spawn":"geometry.vex_spawn"},"scripts":{"initialize":["variable.relative_health=0;"],"pre_animation":["0;"],"animate":["controller_hold","controller_charge","controller_base"]},"animations":{"hurt":"animation.vex_anim.hurt","blink":"animation.step.blink_head","look_at_target_default":"animation.local_space.target","swing_timer":"animation.combat.attack_timer","target_x":"animation.vex_anim.target_x","holding":"animation.vex_anim.holding_item","charging":"animation.vex_anim.charging","charging_swing":"animation.vex_anim.charging_end","vex_idle":"animation.vex_anim.idle","vex_wings":"animation.vex_anim.wings","vex_flying":"animation.vex_anim.move","summon":"animation.vex_anim.summoned","vanish":"animation.vex_anim.vanish","die":"animation.vex_anim.die","controller_target_x":"controller.animation.vex_anim.target_x","controller_hold":"controller.animation.vex_anim.holding","controller_charge":"controller.animation.vex_anim.charging","controller_base":"controller.animation.vex_anim.base","controller_hurt":"controller.animation.entity.hurt"},"particle_effects":{"pop":"act:vex_pop","particle_0":"act:summoned_2","particle_1":"act:vex_glow","hurt":"act:hurt_1b","death":"act:vex_death","frame":"act:frame"},"sound_effects":{"hit":"mob.vex.attack_mace","swing":"mob.vex.swing_mace","spawn":"mob.summoned.small","faint":"mob.vex.faint"},"render_controllers":["controller.render.vex_anim",{"controller.render.vex_spawn":"q.life_time<0.25"}],"enable_attachables":false,"spawn_egg":{"texture":"spawn_egg","texture_index":41}}}}