{
  "format_version":"1.10.0",
  "minecraft:attachable":{
    "description":{
      "identifier":"minecraft:water_bucket",
      "materials":{
	"default":"entity_alphatest_one_sided","liquid":"entity_alphablend","splash":"entity_alphatest"
      },
      "textures":{
	"default":"textures/models/held_item/bucket/bucket",
	"prop":"textures/models/held_item/fountain"
      },
      "geometry":{
	"default":"geometry.bucket_full",
	"prop":"geometry.waterthingy"
      },
      "particle_effects":{
	"splash":"act:bucket_splash_water",
	"drip":"act:bucket_drip_water"
      },
      "sound_effects":{
	"splash":"bucket.splash"
      },
      "render_controllers":[{"controller.render.water_bucket":"!q.is_name_any('§§')"},{"controller.render.prop":"q.is_name_any('§§')"}],
      "animations":{
	"bob":"animation.bucket.bob",
	"3rd":"animation.item.bucket",
	"1st":"animation.item.first_person_bucket",
	"splash":"animation.bucket.splash",
	"sneak":"animation.bucket.sneak",
	"drip":"animation.bucket.drip",
	"shake":"animation.bucket.shake",
	"shake_end":"animation.bucket.shake_inertia",
	"fluid_behavior":"controller.animation.bucket_fluid",
	"splash_particles":"controller.animation.bucket_splash",
	"sneaking_ct":"controller.animation.bucket_sneak",
	"perspective_ct":"controller.animation.bucket_perspective"
      },
      "scripts":{
	"animate":[
	  {"fluid_behavior":"!q.is_name_any('§§')"},
	  {"perspective_ct":"!q.is_name_any('§§')"}
	]
      }
    }
  }
}
