{"format_version":"1.10.0","particle_effect":{"description":{"identifier":"act:water_splash_large","basic_render_parameters":{"material":"particles_blend","texture":"textures/particle/splash_big"}},"components":{"minecraft:emitter_rate_instant":{"num_particles":12},"minecraft:emitter_lifetime_expression":{"activation_expression":"q.vertical_speed<-0.5","expiration_expression":1},"minecraft:emitter_shape_point":{"offset":["math.sin(math.round(v.particle_random_1*3)*90)*0.98","1-q.vertical_speed*0.1","math.cos(math.round(v.particle_random_1*3)*90)*0.98"],"direction":["math.sin(math.round(v.particle_random_1*3)*90)",0,"math.cos(math.round(v.particle_random_1*3)*90)"]},"minecraft:particle_lifetime_expression":{"max_lifetime":0.76},"minecraft:particle_initial_speed":1,"minecraft:particle_motion_dynamic":{"linear_drag_coefficient":20},"minecraft:particle_appearance_billboard":{"size":[1,1],"facing_camera_mode":"direction_z","uv":{"texture_width":120,"texture_height":12,"flipbook":{"base_UV":[0,0],"size_UV":[12,12],"step_UV":[12,0],"max_frame":10,"stretch_to_lifetime":true}}},"minecraft:particle_appearance_lighting":{}}}}