{
  "format_version":"1.10.0",
  "minecraft:attachable":{
    "description":{
      "identifier":"minecraft:goat_horn",
      "materials":{
	"default":"entity"
      },
      "textures":{
	"default":"textures/models/held_item/horn"
      },
      "geometry":{
	"default":"geometry.horn"
      },
      "render_controllers":["controller.render.default"],
      "animations":{
	"controller.in_use":"controller.animation.in_use",
	"in_use":"animation.horn.toot_pos",
	"3rd":"animation.item.horn",
	"first_person":"animation.item.first_person_horn"
      },
      "scripts":{
	"animate":[
	  {"controller.in_use":"c.is_first_person"},
	  {"3rd":"!c.is_first_person"},
	  {"first_person":"c.is_first_person"}
	]
      }
    }
  }
}
