{
  "format_version":"1.10.0",
  "minecraft:attachable":{
    "description":{
      "identifier":"minecraft:soul_lantern",
      "materials":{
	"default":"entity_emissive_alpha"
      },
      "textures":{
	"default":"textures/models/held_item/lantern/lantern1",
	"off":"textures/models/held_item/lantern/lantern2"
      },
      "geometry":{
	"default":"geometry.lantern"
      },
      "render_controllers":["controller.render.lantern"],
      "animations":{
	"bob":"animation.item.lantern_bob",
	"first_person":"animation.item.first_person_lantern"
      },
      "scripts":{
	"animate":[
	  {"bob":"!c.is_first_person"},
	  {"first_person":"c.is_first_person"}
	]
      }
    }
  }
}
