{
  "format_version":"1.10.0",
  "minecraft:attachable":{
    "description":{
      "identifier":"minecraft:heartbreak_pottery_sherd",
      "materials":{
	"default":"entity"
      },
      "textures":{
	"default":"textures/items/heartbreak_pottery_sherd",
	"prop":"textures/models/blox/pot"
      },
      "geometry":{
	"default":"geometry.emerald",
	"prop":"geometry.shattered_pot"
      },
      "animations":{
	"3rd":"animation.item.gem",
	"1st":"animation.item.first_person_gem"
      },
      "scripts":{
	"animate":[
	  {"3rd":"!c.is_first_person"},
	  {"1st":"c.is_first_person"}
	]
      },
      "render_controllers":[{"controller.render.default":"!q.is_name_any('§§')"},{"controller.render.prop":"q.is_name_any('§§')"}]
    }
  }
}
