{
  "format_version":"1.10.0",
  "minecraft:attachable":{
    "description":{
      "identifier":"minecraft:shield",
      "materials":{
        "default":"entity_alphatest",
        "enchanted":"entity_alphatest_glint"
      },
      "textures":{
        "default":"textures/entity/shield",
        "enchanted":"textures/misc/enchanted_item_glint"
      },
      "geometry":{
        "default":"geometry.shield"
      },
      "animations":{
	"1p_wield":"controller.animation.shield",
        "3p_wield":"animation.item.wield_shield",
	"off_hand":"animation.shield.off_hand",
	"main_hand":"animation.shield.main_hand",
	"block_left":"animation.shield.block_left",
	"block_right":"animation.shield.block_right",
	"down_left":"animation.shield.down_left",
	"down_right":"animation.shield.down_right"
      },
      "scripts":{
	"initialize":["v.block_amount = 0;"],
	"pre_animation":["0;"],
	"animate":[
	  {"1p_wield":"c.is_first_person"},
	  {"3p_wield":"!c.is_first_person"}
	]
      },
      "render_controllers": ["controller.render.shield"]
    }
  }
}
