{
  "format_version":"1.10.0",
  "minecraft:attachable":{
    "description":{
      "identifier":"minecraft:snowball.item",
      "item":{"minecraft:snowball":"q.owner_identifier == 'minecraft:player'"},
      "materials":{
	"default":"entity"
      },
      "textures":{
	"default":"textures/entity/projectile/snowcube"
      },
      "geometry":{
	"default":"geometry.snowball_item"
      },
      "render_controllers":[{"controller.render.default":"!c.is_first_person"}],
      "animations":{
	"3rd":"animation.item.ball"
      },
      "scripts":{
	"animate":["3rd"]
      }
    }
  }
}
