{
    "format_version":"1.14.0",
    "sound_definitions":{
	"book.open":{
	    "category":"player",
	    "sounds":[
		{"name":"sounds/act/book/open","volume":0.2}
	    ]
	},
	"book.close":{
	    "category":"player",
	    "sounds":[
		{"name":"sounds/act/book/close1","volume":0.2},
		{"name":"sounds/act/book/close2","volume":0.2}
	    ]
	},
	"bucket.emerge":{
	    "category":"player",
	    "sounds":[
		{"name":"sounds/act/bucket/emerge","pitch":1.1,"volume":0.08}
	    ]
	},
	"bucket.splash":{
	    "category":"player",
	    "sounds":[
		{"name":"sounds/act/bucket/splash1","pitch":1.3,"volume":0.07},
		{"name":"sounds/act/bucket/splash1","pitch":1.2,"volume":0.07},
		{"name":"sounds/act/bucket/splash1","pitch":1.1,"volume":0.07},
		{"name":"sounds/act/bucket/splash2","pitch":1.2,"volume":0.07},
		{"name":"sounds/act/bucket/splash2","pitch":1.1,"volume":0.07},
		{"name":"sounds/act/bucket/splash2","pitch":1.0,"volume":0.07}
	    ]
	},
	"bucket.splash_mob":{
	    "category":"player",
	    "sounds":[
		{"name":"sounds/act/bucket/splash3","pitch":1.1,"volume":0.07},
		{"name":"sounds/act/bucket/splash3","pitch":1.0,"volume":0.07},
		{"name":"sounds/act/bucket/splash3","pitch":0.9,"volume":0.07},
		{"name":"sounds/bucket/empty_fish1","pitch":1.0,"volume":0.1},
		{"name":"sounds/bucket/empty_fish2","pitch":1.0,"volume":0.1},
		{"name":"sounds/bucket/empty_fish3","pitch":1.0,"volume":0.1}
	    ]
	},
	"bucket.shake":{
	    "category":"player",
	    "sounds":[
		{"name":"sounds/act/bucket/shake1","pitch":1.2,"volume":0.02},
		{"name":"sounds/act/bucket/shake2","pitch":1.2,"volume":0.02},
		{"name":"sounds/act/bucket/shake3","pitch":1.2,"volume":0.02},
		{"name":"sounds/act/bucket/shake1","pitch":1.1,"volume":0.02},
		{"name":"sounds/act/bucket/shake2","pitch":1.1,"volume":0.02},
		{"name":"sounds/act/bucket/shake3","pitch":1.1,"volume":0.02},
		{"name":"sounds/act/bucket/shake1","pitch":1.0,"volume":0.02},
		{"name":"sounds/act/bucket/shake2","pitch":1.0,"volume":0.02},
		{"name":"sounds/act/bucket/shake3","pitch":1.0,"volume":0.02},
		{"name":"sounds/act/bucket/shake1","pitch":0.9,"volume":0.02},
		{"name":"sounds/act/bucket/shake2","pitch":0.9,"volume":0.02},
		{"name":"sounds/act/bucket/shake3","pitch":0.9,"volume":0.02}
	    ]
	},
	"bucket.axolotl.squish":{
	    "category":"neutral",
	    "sounds":[
		"sounds/mob/axolotl/idle_air1",
		"sounds/mob/axolotl/idle_air2",
		"sounds/mob/axolotl/idle_air3",
		"sounds/mob/axolotl/idle_air4"
	    ]
	},
	"bucket.axolotl.squish_soft":{
	    "category":"neutral",
	    "sounds":[
		"sounds/mob/axolotl/idle2",
		"sounds/mob/axolotl/idle4"
	    ]
	},
	"bucket.pufferfish.squish":{
	    "category":"neutral",
	    "sounds":[
		{"name":"sounds/mob/pufferfish/flop1","volume":0.24},
		{"name":"sounds/mob/pufferfish/flop2","volume":0.24},
		{"name":"sounds/mob/pufferfish/flop3","volume":0.24},
		{"name":"sounds/mob/pufferfish/flop4","volume":0.24}
	    ]
	},
	"mob.pufferfish.inflate":{
	    "category":"neutral",
	    "sounds":[
		{"name":"sounds/mob/pufferfish/inflate1","volume":0.1},
		{"name":"sounds/mob/pufferfish/inflate2","volume":0.1}
	    ]
	},
	"mob.skeleton.idle_anim":{
	    "category":"hostile",
	    "sounds":[
		{"name":"sounds/mob/skeleton/ratchet","volume":0.3}
	    ]
	},
	"mob.ravager.roar":{
	    "__use_legacy_max_distance":"true",
	    "category":"hostile",
	    "min_distance":64.0,
	    "sounds":[
		{
		    "load_on_low_memory":true,
		    "name":"sounds/mob/ravager/roar1",
		    "volume":0.7
		},
		{
		    "name":"sounds/mob/ravager/roar2",
		    "volume":0.7
		},
		{
		    "name":"sounds/mob/ravager/roar3",
		    "volume":0.7
		}
	    ]
	},
	"mob.dizzy":{
	    "category":"hostile",
	    "sounds":[
		{"name":"sounds/act/dizzy","pitch":1.1,"volume":0.1}
	    ]
	},
	"mob.summoned.small":{
	    "__use_legacy_max_distance":"true",
	    "min_distance":50.0,
	    "category":"hostile",
	    "sounds":[
		{"name":"sounds/act/summon_small","pitch":1.2,"volume":0.2},
		{"name":"sounds/act/summon_small","pitch":1.1,"volume":0.2},
		{"name":"sounds/act/summon_small","pitch":1.0,"volume":0.2}
	    ]
	},
	"mob.dizzy":{
	    "category":"hostile",
	    "sounds":[{"name":"sounds/act/dizzy","volume":0.32}]
	},
	"mob.vex.swing_mace":{
	    "__use_legacy_max_distance":"true",
	    "category":"hostile",
	    "sounds":[{"name":"sounds/mob/vex/swing","volume":0.36}]
	},
	"mob.vex.attack_mace":{
	    "__use_legacy_max_distance":"true",
	    "category":"hostile",
	    "sounds":[
		{"name":"sounds/mob/vex/hit1","volume":0.36},
		{"name":"sounds/mob/vex/hit2","volume":0.36}
	    ]
	},
	"mob.vex.faint":{
	    "__use_legacy_max_distance":"true",
	    "category":"hostile",
	    "sounds":[
		"sounds/mob/vex/faint1",
		"sounds/mob/vex/faint2",
		"sounds/mob/vex/faint3"
	    ]
	},
	"mob.evocation_illager.death":{
	    "__use_legacy_max_distance":"true",
	    "category":"hostile",
	    "max_distance":null,
	    "min_distance":null,
	    "sounds":[
		{
		    "load_on_low_memory":true,
		    "name":"sounds/mob/evocation_illager/death1",
		    "volume":0.5
		},
		{
		    "name":"sounds/mob/evocation_illager/death2",
		    "volume":0.5
		}
	    ]
	},
	"mob.ghast.shoot":{
	    "__use_legacy_max_distance":"true",
	    "category":"hostile",
	    "max_distance":null,
	    "min_distance":null,
	    "sounds":[
		"sounds/mob/ghast/fireblast_1",
		"sounds/mob/ghast/fireblast_2"
	    ]
	},
	"globe.spin":{
	    "category":"block",
	    "sounds":[
		{"name":"sounds/act/prop/globe_1","volume":0.3},
		{"name":"sounds/act/prop/globe_2","volume":0.3}
	    ]
	},
	"mush.pop":{
	    "category":"block",
	    "sounds":[
		{"name":"sounds/act/prop/mush_pop","volume":0.2}
	    ]
	},
	"glow_mush.pop":{
	    "category":"block",
	    "sounds":[
		{"name":"sounds/act/prop/glow_mush_1","volume":0.2},
		{"name":"sounds/act/prop/glow_mush_2","volume":0.2}
	    ]
	},
	"ender_eye.charge":{
	    "__use_legacy_max_distance":"true",
	    "category":"neutral",
	    "max_distance":null,
	    "min_distance":null,
	    "sounds":[
		"sounds/random/eye_charge"
	    ]
	},
	"item.charged":{
	    "category":"player",
	    "sounds":[
		{"name":"sounds/act/charged","volume":0.03}
	    ]
	}
    }
}
