{
  "format_version":"1.10.0",
  "render_controllers":{
    "controller.render.dillo_anim":{
      "geometry":"Geometry.default",
      "materials":[{"*": "Material.default"}],
      "textures":["Texture.default"],
      "part_visibility": [
        {"centroid":"!variable.is_rolled_up || q.property('minecraft:armadillo_state') == 'unrolled'"},
        {"tail":"!variable.is_rolled_up || q.property('minecraft:armadillo_state') == 'unrolled'"},
        {"bl_leg":"!variable.is_rolled_up || q.property('minecraft:armadillo_state') == 'unrolled'"},
        {"br_leg":"!variable.is_rolled_up || q.property('minecraft:armadillo_state') == 'unrolled'"},
        {"body_rolled":"variable.is_rolled_up || q.property('minecraft:armadillo_state') != 'unrolled'"}
      ]
    }
  }
}
