{
  "format_version":"1.8.0",
  "render_controllers":{
    "controller.render.dummy":{
      "geometry":"geometry.default",
      "materials":[{"*":"Material.default"}],
      "part_visibility":[
	{"*":true},
	{"root":"q.is_item_name_any('slot.armor.legs',0,'') && q.is_item_name_any('slot.armor.feet',0,'') && v.has_legs==0"},
	{"*leg":"!q.is_item_name_any('slot.armor.legs',0,'') || !q.is_item_name_any('slot.armor.feet',0,'') || v.has_legs"}
      ],
      "textures":["Texture.default"],
      "filter_lighting": true
    }
  }
}