{
  "format_version":"1.8.0",
  "render_controllers":{
    "controller.render.axolotl_anim":{
      "arrays":{
	"textures":{"Array.skins":["Texture.lucy","Texture.cyan","Texture.gold","Texture.wild","Texture.blue"]}
      },
      "geometry":"Geometry.default",
      "materials":[
	{"*":"Material.default"},
	{"head":"Material.solid"},
	{"body":"material.solid"},
	{"*arm":"Material.limbs"},
	{"*leg":"Material.limbs"}
      ],
      "textures":["Array.skins[query.variant]"],
      "on_fire_color":{"r":1.0,"g":0.4,"b":0.0,"a":"math.cos(q.life_time*1200)*-0.35 + 0.35"}
    }
  }
}
