{
  "format_version":"1.8.0",
  "render_controllers":{
    "controller.render.bee_anim":{
      "arrays":{
	"textures":{"array.skins":["texture.default","texture.nectar","texture.angry","texture.angry_nectar"]},
	"geometries":{"array.models":["geometry.default","geometry.small"]}
      },
      "geometry":"array.models[q.get_name=='smol']",
      "materials":[
	{"*":"Material.default"},
	{"eye_*":"Material.eyes"}
      ],
      "textures":["array.skins[q.property('minecraft:has_nectar') + q.is_angry*2]"],
      "on_fire_color":{
	"r":1.0,
	"g":0.4,
	"b":0.0,
	"a":"math.cos(q.life_time*1200)*-0.35 + 0.35"
      }
    }
  }
}
