{
  "format_version":"1.8.0",
  "render_controllers":{
    "controller.render.blaze_anim":{
      "geometry":"Geometry.default",
      "materials":[{"*":"Material.default"},{"UpperBody":"Material.solid"},{"MiddleBody":"Material.solid"},{"LowerBody":"Material.solid"}],
      "textures":["Texture.default"],
      "light_color_multiplier":"q.is_alive ? 1.2 : 2-q.anim_time*2",
      "ignore_lighting":true,
      "is_hurt_color":{
	"r":1,
	"g":"!q.is_alive ? 0.7",
	"b":"!q.is_alive ? 0.7",
	"a":0.6
      }
    }
  }
}
