{"format_version":"1.10","render_controllers":{"controller.render.bow_anim":{"arrays":{"geometries":{"array.bow_geo_frames":["geometry.default","geometry.pulling_1","geometry.pulling_2","geometry.pulling_3","geometry.pulling_4","geometry.pulling_5","geometry.pulling_6"]},"textures":{"array.bow_anim_frames":["texture.default","texture.bow_1","texture.bow_2","texture.bow_3","texture.bow_4","texture.bow_5","texture.bow_6"]}},"geometry":"array.bow_geo_frames[v.anim_frame]","materials":[{"*":"variable.is_enchanted?material.enchanted:material.default"}],"textures":["array.bow_anim_frames[v.anim_frame]","texture.enchanted"]},"controller.render.bow_arrow":{"geometry":"geometry.arrow","materials":[{"*":"material.arrow"}],"textures":["texture.arrow"]}}}