{
  "format_version":"1.8.0",
  "render_controllers":{
    "controller.render.breeze_anim":{
      "geometry":"Geometry.default",
      "materials":[{"*":"Material.default"},{"sclera":"Material.eyes"},{"eyebrows":"Material.eyes"}],
      "textures":["Texture.default"],
      "light_color_multiplier":"q.anim_time>0 ? 2-q.anim_time*2 : 1",
      "on_fire_color":{
	"r":1.0,
	"g":0.4,
	"b":0.0,
	"a":"math.cos(q.life_time*1200)*-0.35 + 0.35"
      },
      "is_hurt_color":{
	"r":1,
	"g":"1-q.anim_time*2",
	"b":"1-q.anim_time*2",
	"a":"0.5-q.anim_time"
      }
    },
    "controller.render.breeze_tornado": {
      "geometry": "Geometry.breeze_tornado",
      "materials": [ { "*": "Material.breeze_wind" } ],
      "textures": [ "Texture.breeze_wind" ],
      "uv_anim": {
        "offset": [
          "((Math.floor(query.life_time * 20.0) + query.frame_alpha) * 0.025)",
          "(0.0)"
        ],
        "scale": [ 1.0, 1.0 ]
      },
      "light_color_multiplier": 1.8
    }
  }
}
