{
  "format_version": "1.8.0",
  "render_controllers": {
    "controller.render.water_bucket":{
      "geometry":"Geometry.default",
      "materials":[{"*":"Material.default"},{"fluid":"Material.liquid"},{"splash":"Material.splash"}],
      "textures":["Texture.default"]
    },
    "controller.render.mob_bucket":{
      "geometry":"Geometry.mob",
      "materials":[{"*":"Material.default"}],
      "textures":["Texture.mob"]
    },
    "controller.render.pufferfish_bucket":{
      "geometry":"Geometry.pufferfish",
      "materials":[{"*":"Material.default"}],
      "textures":["Texture.pufferfish"],
      "part_visibility":[
	{"*":true},
	{"smol_puffer":"q.anim_time<0.55"},
	{"med_puffer":"q.anim_time<0.9"}
      ]
    }
  }
}
