{
  "format_version":"1.8.0",
  "render_controllers":{
    "controller.render.camel_anim":{
      "geometry":"Geometry.default",
      "materials":[
	{"*":"Material.default"},
	{"tail":"Material.saddle"},
	{"saddle":"Material.saddle"},
	{"bridle":"Material.saddle"},
	{"reins":"Material.saddle"}
      ],
      "textures":["Texture.default"],
      "part_visibility":[
	{"saddle":"query.is_saddled"},
	{"bridle":"query.is_saddled"},
	{"reins":"query.is_saddled && query.has_rider"}
      ]
    }
  }
}
