{
  "format_version":"1.8.0",
  "render_controllers":{
    "controller.render.player.cape_anim":{
      "geometry":"Geometry.cape",
      "materials":[{"*":"Material.solid"}],
      "textures":["Texture.cape"],
      "part_visibility":[
	{"*":"query.armor_texture_slot(1) != 5"}
      ],
      "is_hurt_color":{
	"r":1.0,
	"g":1.0,
	"b":1.0,
	"a":"0.6-math.mod(q.life_time,0.25)*2.4"
      },
      "on_fire_color":{
	"r":1.0,
	"g":0.4,
	"b":0.0,
	"a":"math.cos(q.life_time*1200)*-0.35 + 0.35"
      }
    }
  }
}
