{
  "format_version":"1.8.0",
  "render_controllers":{
    "controller.render.cat_anim":{
      "arrays":{
        "textures":{
          "Array.skins":[
            "Texture.white",
            "Texture.black",
            "Texture.red",
            "Texture.siamese",
            "Texture.british",
            "Texture.calico",
            "Texture.persian",
            "Texture.ragdoll",
            "Texture.tabby",
            "Texture.all_black",
            "Texture.jellie"
          ],
          "Array.tame":[
            "Texture.white_tame",
            "Texture.black_tame",
            "Texture.red_tame",
            "Texture.siamese_tame",
            "Texture.british_tame",
            "Texture.calico_tame",
            "Texture.persian_tame",
            "Texture.ragdoll_tame",
            "Texture.tabby_tame",
            "Texture.all_black_tame",
            "Texture.jellie_tame"
          ]
        }
      },
      "geometry":"Geometry.default",
      "materials":[
	{"*":"Material.default"},
	{"head":"Material.head"},
	{"blink":"Material.head"},
	{"right_eye":"Material.head"},
	{"left_eye":"Material.head"}
      ],
      "textures":["query.is_tamed ? Array.tame[query.variant] : Array.skins[query.variant]"],
      "on_fire_color":{
	"r":1.0,
	"g":0.4,
	"b":0.0,
	"a":"math.cos(q.life_time*1200)*-0.35 + 0.35"
      }
    }
  }
}
