{
  "format_version": "1.10.0",
  "render_controllers": {
    "controller.render.crossbow_anim": {
      "arrays": {
        "textures": {
          "array.crossbow_texture_frames": [
            "texture.default",
            "texture.crossbow_pulling_0",
            "texture.crossbow_pulling_1",
            "texture.crossbow_pulling_2",
            "texture.crossbow_pulling_2",
            "texture.crossbow_pulling_2"
          ]
        },
        "geometries": {
          "array.crossbow_geo_frames": [
            "geometry.default",
            "geometry.crossbow_pulling_0",
            "geometry.crossbow_pulling_1",
            "geometry.crossbow_pulling_2",
            "geometry.crossbow_pulling_2",
            "geometry.crossbow_pulling_2"
          ]
        }
      },
      "geometry": "array.crossbow_geo_frames[query.get_animation_frame]",
      "materials": [ { "*": "variable.is_enchanted ? material.enchanted : material.default" } ],
      "textures": [ "array.crossbow_texture_frames[query.get_animation_frame]", "texture.enchanted" ]
    },
    "controller.render.crossbow_arrow":{
      "geometry":"Geometry.arrow",
      "materials":[{"*":"Material.default"}],
      "textures":["Texture.arrow"]
    },
    "controller.render.crossbow_rocket":{
      "geometry":"Geometry.rocket",
      "materials":[{"*":"Material.default"}],
      "textures":["Texture.rocket"]
    }
  }
}
