{
  "format_version":"1.8.0",
  "render_controllers":{
    "controller.render.endermite_anim":{
      "geometry":"Geometry.default",
      "materials":[{"*":"Material.default"}],
      "textures":["Texture.default"],
      "light_color_multiplier":"q.anim_time!=0 ? math.cos(q.anim_time*360)*5:1",
      "overlay_color":{
	"r":1.0,
	"g":"1-q.anim_time*4",
	"b":1.0,
	"a":"q.anim_time!=0 ? (1-q.anim_time*4)"
      },
      "on_fire_color":{
	"r":1.0,
	"g":0.4,
	"b":0.0,
	"a":"math.cos(q.life_time*1200)*-0.35 + 0.35"
      },
      "is_hurt_color":{
	"r":1,
	"g":"!q.is_alive ? 1-q.anim_time*4",
	"b":"q.anim_time!=0",
	"a":"q.anim_time!=0 ? math.clamp(1-q.anim_time*4,0,1):0.6"
      }
    }
  }
}
