{
  "format_version":"1.8.0",
  "render_controllers":{
    "controller.render.enderman":{
      "geometry":"Geometry.default",
      "materials":[
	{"*":"Array.default"},
	{"head":"Material.alpha"},
	{"jaw":"Material.alpha"},
	{"pupils":"Material.emissive"},
	{"teeth":"Material.emissive"},
	{"eyes":"Material.emissive"}
      ],
      "light_color_multiplier":"q.anim_time>0 ? math.cos(q.anim_time*420)*5 : 1",
      "overlay_color":{
	"r":1.0,
	"g":"1-q.anim_time*5",
	"b":1.0,
	"a":"q.anim_time>0 ? (1-q.anim_time*5):0"
      },
      "on_fire_color":{
	"r":1,
	"g":1,
	"b":1,
	"a":"q.anim_time>0 ? (1-q.anim_time*5):0"
      },
      "is_hurt_color":{
	"r":1,
	"g":"q.anim_time>0 ? (1-q.anim_time*5):0",
	"b":"q.anim_time>0 ? 1:0",
	"a":1
      },
      "part_visibility":[{"*":"true"},{"teeth":"q.is_angry"},{"rightArm":"!q.is_carrying_block"},{"leftArm":"!q.is_carrying_block"},{"fakeArms":"q.is_carrying_block"}],
       "textures":["Texture.default"]
    }
  }
}
