{
  "format_version":"1.8.0",
  "render_controllers":{
    "controller.render.horse_anim":{
      "part_visibility":[
	{"saddle":"query.is_saddled"},
	{"bridle":"query.is_saddled"},
	{"reins":"query.is_saddled && query.has_rider"}
      ],
      "arrays":{
	"textures":{
	  "Array.base":["Texture.base_white","Texture.base_creamy","Texture.base_chestnut","Texture.base_brown","Texture.base_black","Texture.base_gray","Texture.base_darkbrown"],
	  "Array.markings":["Texture.markings_none","Texture.markings_white","Texture.markings_whitefield","Texture.markings_whitedots","Texture.markings_blackdots"],
	  "Array.armor":["Texture.armor_none","Texture.armor_leather","Texture.armor_iron","Texture.armor_gold","Texture.armor_diamond"]
	}
      },
      "geometry":"Geometry.default",
      "materials":[
	{"*":"Material.default"},
	{"saddle":"Material.alpha"}
      ],
      "textures":[
	"Array.base[query.variant]",
	"Array.markings[query.mark_variant]",
	"Array.armor[variable.armor_texture_slot]"
      ],
      "color":{
	"r":"variable.armor_texture_slot ? query.armor_color_slot(1, 0) :this",
	"g":"variable.armor_texture_slot ? query.armor_color_slot(1, 1) :this",
	"b":"variable.armor_texture_slot ? query.armor_color_slot(1, 2) :this",
	"a":"variable.armor_texture_slot ? query.armor_color_slot(1, 3) :this"
      },
      "on_fire_color":{
	"r":1.0,
	"g":0.4,
	"b":0.0,
	"a":"math.cos(q.life_time*1200)*-0.35 + 0.35"
      }
    },
    "controller.render.equine_anim":{
      "part_visibility":[
	{"saddle":"query.is_saddled"},
	{"bridle":"query.is_saddled"},
	{"chest*":"query.is_chested"},
	{"reins":"query.is_saddled && query.has_rider"}
      ],
      "geometry":"Geometry.default",
      "materials":[
	{"*":"Material.default"},
	{"saddle":"Material.alpha"}
      ],
      "textures":["Texture.default"],
      "on_fire_color":{
	"r":1.0,
	"g":0.4,
	"b":0.0,
	"a":"math.cos(q.life_time*1200)*-0.35 + 0.35"
      }
    },
    "controller.render.equine_skeleton":{
      "part_visibility":[
	{"reins":"query.has_rider"},
	{"saddle":"!query.is_baby"},
	{"bridle":"!query.is_baby"}
      ],
      "geometry":"Geometry.default",
      "materials":[
	{"*":"Material.default"}
      ],
      "textures":["Texture.default"],
      "on_fire_color":{
	"r":1.0,
	"g":0.4,
	"b":0.0,
	"a":"math.cos(q.life_time*1200)*-0.35 + 0.35"
      }
    }
  }
}
