{
  "format_version": "1.10.0",
  "render_controllers": {
    "controller.render.evocation_fangs_oh": {
      "geometry": "Geometry.default",
      "materials": [ { "*": "Material.default" } ],
      "part_visibility": [ { "*": "variable.animation_progress != 0.0" } ],
      "textures": [ "Texture.default" ],
      "light_color_multiplier":"math.clamp(5-query.anim_time*14,1,5)",
      "overlay_color":{
	  "r":"1.0",
	  "g":"math.clamp(1-query.anim_time*30, 0.9, 1.0)",
	  "b":"math.clamp(1-query.anim_time*40, 0.5, 1.0)",
	  "a":"math.clamp(1-query.anim_time*5, 0, 1.0)"
      }
    }
  }
}
