{
  "format_version": "1.8.0",
  "render_controllers": {
    "controller.render.ghast_anim":{
      "arrays":{
        "textures":{
          "Array.skins":["Texture.default","Texture.shooting"]
        }
      },
      "geometry":"Geometry.default",
      "materials":[{"*":"Material.default"}],
      "textures":["Array.skins[variable.ischarging&&q.has_target]"],
      "overlay_color":{
	"r":"math.clamp(q.life_time,0,1)",
	"g":0.0,
	"b":0.0,
	"a":"math.clamp(1-q.life_time,0,1)"
      }
    }
  }
}