{
  "format_version":"1.8.0",
  "render_controllers":{
    "controller.render.illager_oh": {
      "geometry":"Geometry.default",
      "materials":[{"*":"Material.default"},{"jacket":"Material.jacket"}],
      "textures":["Texture.default"],
      "on_fire_color":{
	"r":1.0,
	"g":0.4,
	"b":0.0,
	"a":"math.cos(q.life_time*1200)*-0.35 + 0.35"
      }
    },
    "controller.render.evoker_oh":{
      "geometry":"Geometry.default",
      "materials":[
	{ "*":"Material.default" }
      ],
      "part_visibility":[
        { "*":true },
        { "arms":"!query.is_casting" },
        { "leftarm":"query.is_casting" },
        { "rightarm":"query.is_casting" }
      ],
      "textures":[ "Texture.default" ],
      "is_hurt_color":{
	"r":1.0,
	"g":0.0,
	"b":0.0,
	"a":0.6
      },
      "on_fire_color":{
	"r":1.0,
	"g":0.4,
	"b":0.0,
	"a":"math.cos(q.life_time*1200)*-0.35 + 0.35"
      }
    }
  }
}
