{
  "format_version":"1.8.0",
  "render_controllers":{
    "controller.render.iron_golem_anim":{
      "geometry":"Geometry.default",
      "materials":[{"*":"Material.default"}],
      "textures":["Texture.default"],
      "on_fire_color":{
	"r":0.14,
	"g":0.08,
	"b":0.08,
	"a":"math.cos(q.life_time*1200)*-0.2 + 0.5"
      }
    },
    "controller.render.iron_golem_cracks":{
      "arrays":{
        "textures":{
          "Array.cracks":[
            "Texture.cracked_high",
            "Texture.cracked_med",
            "Texture.cracked_low",
            "Texture.cracked_none"
          ]
        }
      },
      "geometry":"Geometry.default",
      "textures":["Array.cracks[math.clamp(query.health / 25, 0, 3)]"],
      "light_color_multiplier":"q.is_on_fire ? 3 : 1",
      "on_fire_color":{
	"r":1.0,
	"g":0.15,
	"b":0.0,
	"a":0.85
      }
    }
  }
}
