{
  "format_version":"1.8.0",
  "render_controllers":{
    "controller.render.mace":{
      "arrays":{
	"textures":{
	  "Array.mace_anim":["Texture.default","Texture.b0","Texture.b1","Texture.b2","Texture.b2","Texture.b3","Texture.b4","Texture.b5","Texture.b6","Texture.b7"]
	}
      },
      "geometry":"Geometry.default",
      "materials":[{"*":"variable.is_enchanted ? material.enchanted:material.default"}],
      "part_visibility":[{"spikes":"variable.is_enchanted"}],
      "textures":["array.mace_anim[query.anim_time * 24]","texture.enchanted"]
    }
  }
}
