{
  "format_version":"1.10.0",
  "render_controllers":{
    "controller.render.splash_potion_anim":{
      "arrays":{
        "textures":{
          "Array.skins":[
            "Texture.moveSlowdown",
            "Texture.moveSpeed",
            "Texture.digSlowdown",
            "Texture.digSpeed",
            "Texture.damageBoost",
            "Texture.heal",
            "Texture.harm",
            "Texture.jump",
            "Texture.confusion",
            "Texture.regeneration",
            "Texture.resistance",
            "Texture.fireResistance",
            "Texture.waterBreathing",
            "Texture.invisibility",
            "Texture.blindness",
            "Texture.nightVision",
            "Texture.hunger",
            "Texture.weakness",
            "Texture.poison",
            "Texture.wither",
            "Texture.healthBoost",
            "Texture.absorption",
            "Texture.saturation",
            "Texture.levitation",
            "Texture.turtleMaster",
            "Texture.slowFall",
            "Texture.default"
          ]
        }
      },
      "geometry":"Geometry.default",
      "materials":[
	{"*":"Material.default"},
	{"bottle":"Material.bottle"}
      ],
      "textures":["Array.skins[query.variant]"],
      "on_fire_color":{"r":0,"g":0,"b":0,"a":0},
      "filter_lighting": true
    }
  }
}