{
  "format_version":"1.8.0",
  "render_controllers":{
    "controller.render.spider_anim":{
      "arrays":{
        "materials":{
          "Array.materials":["Material.default","Material.invisible"]
        }
      },
      "geometry":"Geometry.default",
      "materials":[{"*":"Array.materials[query.is_invisible]"},{"eyes*":"material.eyes"}],
      "textures":["Texture.default"],
      "on_fire_color":{
	"r":1.0,
	"g":0.4,
	"b":0.0,
	"a":"math.cos(q.life_time*1200)*-0.35 + 0.35"
      }
    }
  }
}
