{
  "format_version":"1.8.0",
  "render_controllers":{
    "controller.render.turtle_anim":{
      "arrays": {
        "geometries":{
          "Array.geos":["Geometry.default","Geometry.baby"]
        }
      },
      "geometry":"Array.geos[query.is_baby]",
      "materials":[
	{"*":"Material.default"},
	{"head":"Material.head"}
      ],
      "textures":["Texture.default"],
      "on_fire_color":{
	"r":1.0,
	"g":0.4,
	"b":0.0,
	"a":"math.cos(q.life_time*1200)*-0.35 + 0.35"
      }
    }
  }
}
