{
  "format_version":"1.8.0",
  "render_controllers":{
    "controller.render.vex_anim":{
      "arrays":{
        "textures":{
          "Array.textures":["Texture.default","Texture.charging"]
	}
      },
      "geometry":"Geometry.default",
      "materials":[
	{"*":"Material.default"},
	{"body":"Material.glow"},
	{"leg0":"Material.alpha"},
	{"stare":"Material.glow"},
	{"rightwing":"Material.glow"},
	{"leftwing":"Material.glow"}
      ],
      "textures":[ "Array.textures[query.is_charging]" ],
      "light_color_multiplier": 1.2,
      "ignore_lighting": true,
      "is_hurt_color":{
	"r":1,
	"g":"!q.is_alive",
	"b":"!q.is_alive",
	"a":"q.is_alive ? 0.6 : 1-q.anim_time*1.5"
      }
    },
    "controller.render.vex_spawn":{
      "geometry":"Geometry.spawn",
      "materials":[{"*":"Material.default"}],
      "textures":["Texture.spawn"],
      "light_color_multiplier":"3",
      "ignore_lighting":true,
      "is_hurt_color":{"r":0.0,"g":0.0,"b":0.0,"a":0.0},
      "overlay_color":{
	"r":1.0,
	"g":1.0,
	"b":1.0,
	"a":"math.clamp(1.25-q.life_time*5,0,1)"
      }
    }
  }
}
