{
  "format_version":"1.8.0",
  "render_controllers":{
    "controller.render.villager_v3_base":{
      "geometry":"Geometry.default",
      "materials":[{"*":"Material.default"}],
      "textures":["Texture.base"],
      "on_fire_color":{
	"r":1.0,
	"g":0.4,
	"b":0.0,
	"a":"math.cos(q.life_time*1200)*-0.35 + 0.35"
      }
    },
    "controller.render.villager_v3_masked":{
      "arrays":{
	"textures":{
	  "Array.biomes":[
	    "Texture.plains",
	    "Texture.desert",
	    "Texture.jungle",
	    "Texture.savanna",
	    "Texture.snow",
	    "Texture.swamp",
	    "Texture.taiga"
	  ],
	  "Array.professions":[
	    "Texture.unskilled",
	    "Texture.farmer",
	    "Texture.fisherman",
	    "Texture.shepherd",
	    "Texture.fletcher",
	    "Texture.librarian",
	    "Texture.cartographer",
	    "Texture.cleric",
	    "Texture.armorer",
	    "Texture.weapon_smith",
	    "Texture.tool_smith",
	    "Texture.butcher",
	    "Texture.leatherworker",
	    "Texture.stonemason",
	    "Texture.nitwit"
	  ]
	}
      },
      "geometry":"Geometry.default",
      "materials":[
	{"*":"query.is_baby ? Material.default : Material.masked"},
	{"hat":"query.is_baby ? Material.default : Material.hat"}
      ],
      "textures": [
	"Array.biomes[query.mark_variant]",
	"Array.professions[variable.profession_index]"
      ],
      "on_fire_color":{
	"r":1.0,
	"g":0.4,
	"b":0.0,
	"a":"math.cos(q.life_time*1200)*-0.35 + 0.35"
      }
    }
  }
}
