{
  "format_version":"1.10.0",
  "render_controllers":{
    "controller.render.xp_bottle_anim":{
      "geometry":"geometry.default",
      "materials":[
	{"*":"Material.default"},
	{"bottle":"Material.bottle"}
      ],
      "arrays":{
	"textures":{
	  "Array.skins": [
	    "Texture.xp_b0",
	    "Texture.xp_b1",
	    "Texture.xp_b2",
	    "Texture.xp_b3",
	    "Texture.xp_b3",
	    "Texture.xp_b2",
	    "Texture.xp_b1",
	    "Texture.xp_b0"
	  ]
	}
      },
      "textures":["Array.skins[query.life_time * 8]"]
    },
    "controller.render.xp_orb":{
      "geometry":"Geometry.default",
      "materials":[{"*":"Material.default"}],
      "textures":["Texture.default"],
      "ignore_lighting":true,
      "overlay_color":{
	"r":"(Math.sin(query.life_time * 250.0) + 1.0) * 0.5",
	"g":1.0,
	"b":"(Math.sin(query.life_time * 250.0 + 240.0) + 1.0) * 0.1",
	"a":0.5
      }
    }
  }
}