{
  "format_version":"1.10.0",
  "minecraft:attachable":{
    "description":{
      "identifier":"minecraft:enchanted_golden_apple",
      "materials":{"default":"entity_emissive","sheet":"entity_emissive_alpha","glint":"charged_creeper"},
      "textures":{
	"default":"textures/models/held_item/food/chanted_apple"
      },
      "geometry":{
	"default":"geometry.apple",
	"glint":"geometry.apple_outer_layer"
      },
      "animations":{
	"item_display":"animation.item_display.apple",
	"3rd":"animation.item.food",
	"3rd_eat":"animation.item.perc_eat",
	"1st":"animation.item.first_person_food",
	"1st_eat":"animation.item.first_person_perc_eat",
	"eating_controller":"controller.animation.eating"
      },
      "render_controllers":["controller.render.item_act","controller.render.enchanted_item_act"],
      "scripts":{
	"animate":[
	  {"item_display":"q.is_name_any('§§')"},
	  {"3rd":"!c.is_first_person && !q.is_name_any('§§')"},
	  {"1st":"c.is_first_person"},
	  "eating_controller"
	]
      },
      "particle_effects":{
	"fx_0":"act:gap_ring",
	"fx_1":"act:gap_bits"
      }
    }
  }
}
