{
  "format_version":"1.10.0",
  "minecraft:attachable":{
    "description":{
      "identifier":"minecraft:golden_carrot",
      "materials":{"default":"entity","sheet":"entity_alphatest"},
      "textures":{
	"default":"textures/models/held_item/food/carrot_gold"
      },
      "geometry":{
	"default":"geometry.carrot"
      },
      "animations":{
	"item_display":"animation.item_display.carrot",
	"3rd":"animation.item.food",
	"3rd_eat":"animation.item.food_eat",
	"1st":"animation.item.first_person_carrot",
	"1st_eat":"animation.item.first_person_food_eat",
	"eating_controller":"controller.animation.eating"
      },
      "render_controllers":["controller.render.item_act"],
      "scripts":{
	"animate":[
	  {"item_display":"q.is_name_any('§§')"},
	  {"3rd":"!c.is_first_person && !q.is_name_any('§§')"},
	  {"1st":"c.is_first_person"},
	  "eating_controller"
	]
      }
    }
  }
}
