{
  "format_version":"1.10.0",
  "minecraft:attachable":{
    "description":{
      "identifier":"minecraft:carrot",
      "materials":{"default":"entity_alphatest_one_sided","sheet":"entity_alphatest"},
      "textures":{
	"default":"textures/models/held_item/food/carrot",
	"prop":"textures/models/held_item/food/carrot"
      },
      "geometry":{
	"default":"geometry.carrot",
	"prop":"geometry.carrot_pile"
      },
      "animations":{
	"3rd":"animation.item.food",
	"3rd_eat":"animation.item.food_eat",
	"1st":"animation.item.first_person_carrot",
	"1st_eat":"animation.item.first_person_food_eat",
	"eating_controller":"controller.animation.eating"
      },
      "render_controllers":[{"controller.render.item_act":"!q.is_name_any('§§')"},{"controller.render.prop":"q.is_name_any('§§')"}],
      "scripts":{
	"animate":[
	  {"3rd":"!c.is_first_person"},
	  {"1st":"c.is_first_person"},
	  "eating_controller"
	]
      }
    }
  }
}
