{
  "format_version":"1.10.0",
  "minecraft:attachable":{
    "description":{
      "identifier":"minecraft:cookie",
      "materials":{"default":"entity","other":"entity_alphablend"},
      "textures":{
	"default":"textures/models/held_item/food/cookie",
	"prop":"textures/models/held_item/food/cookie"
      },
      "geometry":{
	"default":"geometry.cookie",
	"prop":"geometry.cookie_jar"
      },
      "animations":{
	"3rd":"animation.item.flat",
	"3rd_eat":"animation.item.slice_eat",
	"1st":"animation.item.first_person_flat",
	"1st_eat":"animation.item.first_person_flat_eat",
	"eating_controller":"controller.animation.eating"
      },
      "render_controllers":[{"controller.render.default":"!q.is_name_any('§§')"},{"controller.render.prop_other":"q.is_name_any('§§')"}],
      "scripts":{
	"animate":[
	  {"3rd":"!c.is_first_person && !q.is_name_any('§§')"},
	  {"1st":"c.is_first_person"},
	  "eating_controller"
	]
      }
    }
  }
}
