{
  "format_version":"1.10.0",
  "minecraft:attachable":{
    "description":{
      "identifier":"minecraft:cod.item",
      "item":{"minecraft:cod":"q.owner_identifier == 'minecraft:player'"},
      "materials":{"default":"entity","sheet":"entity_alphatest"},
      "textures":{
	"default":"textures/models/held_item/food/cod"
      },
      "geometry":{
	"default":"geometry.raw_fish"
      },
      "render_controllers":["controller.render.item_act"],
      "animations":{
	"3rd":"animation.cns.raw_fish",
	"3rd_eat":"animation.item.fish_eat",
	"1st":"animation.cns.first_person_raw_fish",
	"1st_eat":"animation.item.fish_eat",
	"eating_controller":"controller.animation.eating"
      },
      "scripts":{
	"animate":[
	  {"3rd":"!c.is_first_person"},
	  {"1st":"c.is_first_person"},
	  "eating_controller"
	]
      }
    }
  }
}
